volume,ticks,status,open,low,high,cost,close,timestamp,instrument
0.1,1743994800000,ok,0.1,0.1,0.1,0.01,0.1,2025-04-07 03:00:00,BTC-27MAR26-65000-P
0.0,1743998400000,ok,0.1,0.1,0.1,0.0,0.1,2025-04-07 04:00:00,BTC-27MAR26-65000-P
0.0,1744002000000,ok,0.1,0.1,0.1,0.0,0.1,2025-04-07 05:00:00,BTC-27MAR26-65000-P
0.1,1744005600000,ok,0.115,0.115,0.115,0.0115,0.115,2025-04-07 06:00:00,BTC-27MAR26-65000-P
0.2,1744009200000,ok,0.1165,0.1165,0.1195,0.0236,0.1195,2025-04-07 07:00:00,BTC-27MAR26-65000-P
0.0,1744012800000,ok,0.1195,0.1195,0.1195,0.0,0.1195,2025-04-07 08:00:00,BTC-27MAR26-65000-P
0.0,1744016400000,ok,0.1195,0.1195,0.1195,0.0,0.1195,2025-04-07 09:00:00,BTC-27MAR26-65000-P
0.0,1744020000000,ok,0.1195,0.1195,0.1195,0.0,0.1195,2025-04-07 10:00:00,BTC-27MAR26-65000-P
0.0,1744023600000,ok,0.1195,0.1195,0.1195,0.0,0.1195,2025-04-07 11:00:00,BTC-27MAR26-65000-P
0.0,1744027200000,ok,0.1195,0.1195,0.1195,0.0,0.1195,2025-04-07 12:00:00,BTC-27MAR26-65000-P
0.0,1744030800000,ok,0.1195,0.1195,0.1195,0.0,0.1195,2025-04-07 13:00:00,BTC-27MAR26-65000-P
0.0,1744034400000,ok,0.1195,0.1195,0.1195,0.0,0.1195,2025-04-07 14:00:00,BTC-27MAR26-65000-P
0.0,1744038000000,ok,0.1195,0.1195,0.1195,0.0,0.1195,2025-04-07 15:00:00,BTC-27MAR26-65000-P
0.0,1744041600000,ok,0.1195,0.1195,0.1195,0.0,0.1195,2025-04-07 16:00:00,BTC-27MAR26-65000-P
0.0,1744045200000,ok,0.1195,0.1195,0.1195,0.0,0.1195,2025-04-07 17:00:00,BTC-27MAR26-65000-P
0.4,1744048800000,ok,0.098,0.098,0.099,0.0394,0.099,2025-04-07 18:00:00,BTC-27MAR26-65000-P
0.0,1744052400000,ok,0.099,0.099,0.099,0.0,0.099,2025-04-07 19:00:00,BTC-27MAR26-65000-P
0.0,1744056000000,ok,0.099,0.099,0.099,0.0,0.099,2025-04-07 20:00:00,BTC-27MAR26-65000-P
0.0,1744059600000,ok,0.099,0.099,0.099,0.0,0.099,2025-04-07 21:00:00,BTC-27MAR26-65000-P
0.0,1744063200000,ok,0.099,0.099,0.099,0.0,0.099,2025-04-07 22:00:00,BTC-27MAR26-65000-P
1.3,1744066800000,ok,0.0975,0.0975,0.0975,0.12675,0.0975,2025-04-07 23:00:00,BTC-27MAR26-65000-P
0.0,1744070400000,ok,0.0975,0.0975,0.0975,0.0,0.0975,2025-04-08 00:00:00,BTC-27MAR26-65000-P
0.0,1744074000000,ok,0.0975,0.0975,0.0975,0.0,0.0975,2025-04-08 01:00:00,BTC-27MAR26-65000-P
0.0,1744077600000,ok,0.0975,0.0975,0.0975,0.0,0.0975,2025-04-08 02:00:00,BTC-27MAR26-65000-P
0.0,1744081200000,ok,0.0975,0.0975,0.0975,0.0,0.0975,2025-04-08 03:00:00,BTC-27MAR26-65000-P
0.0,1744084800000,ok,0.0975,0.0975,0.0975,0.0,0.0975,2025-04-08 04:00:00,BTC-27MAR26-65000-P
0.0,1744088400000,ok,0.0975,0.0975,0.0975,0.0,0.0975,2025-04-08 05:00:00,BTC-27MAR26-65000-P
0.0,1744092000000,ok,0.0975,0.0975,0.0975,0.0,0.0975,2025-04-08 06:00:00,BTC-27MAR26-65000-P
0.0,1744095600000,ok,0.0975,0.0975,0.0975,0.0,0.0975,2025-04-08 07:00:00,BTC-27MAR26-65000-P
0.0,1744099200000,ok,0.0975,0.0975,0.0975,0.0,0.0975,2025-04-08 08:00:00,BTC-27MAR26-65000-P
0.0,1744102800000,ok,0.0975,0.0975,0.0975,0.0,0.0975,2025-04-08 09:00:00,BTC-27MAR26-65000-P
0.0,1744106400000,ok,0.0975,0.0975,0.0975,0.0,0.0975,2025-04-08 10:00:00,BTC-27MAR26-65000-P
0.0,1744110000000,ok,0.0975,0.0975,0.0975,0.0,0.0975,2025-04-08 11:00:00,BTC-27MAR26-65000-P
0.0,1744113600000,ok,0.0975,0.0975,0.0975,0.0,0.0975,2025-04-08 12:00:00,BTC-27MAR26-65000-P
0.0,1744117200000,ok,0.0975,0.0975,0.0975,0.0,0.0975,2025-04-08 13:00:00,BTC-27MAR26-65000-P
0.0,1744120800000,ok,0.0975,0.0975,0.0975,0.0,0.0975,2025-04-08 14:00:00,BTC-27MAR26-65000-P
0.0,1744124400000,ok,0.0975,0.0975,0.0975,0.0,0.0975,2025-04-08 15:00:00,BTC-27MAR26-65000-P
0.1,1744128000000,ok,0.105,0.105,0.105,0.0105,0.105,2025-04-08 16:00:00,BTC-27MAR26-65000-P
0.0,1744131600000,ok,0.105,0.105,0.105,0.0,0.105,2025-04-08 17:00:00,BTC-27MAR26-65000-P
0.0,1744135200000,ok,0.105,0.105,0.105,0.0,0.105,2025-04-08 18:00:00,BTC-27MAR26-65000-P
0.5,1744138800000,ok,0.11,0.11,0.11,0.055,0.11,2025-04-08 19:00:00,BTC-27MAR26-65000-P
0.0,1744142400000,ok,0.11,0.11,0.11,0.0,0.11,2025-04-08 20:00:00,BTC-27MAR26-65000-P
0.0,1744146000000,ok,0.11,0.11,0.11,0.0,0.11,2025-04-08 21:00:00,BTC-27MAR26-65000-P
0.0,1744149600000,ok,0.11,0.11,0.11,0.0,0.11,2025-04-08 22:00:00,BTC-27MAR26-65000-P
0.0,1744153200000,ok,0.11,0.11,0.11,0.0,0.11,2025-04-08 23:00:00,BTC-27MAR26-65000-P
0.5,1744156800000,ok,0.1135,0.1135,0.1135,0.05675,0.1135,2025-04-09 00:00:00,BTC-27MAR26-65000-P
0.0,1744160400000,ok,0.1135,0.1135,0.1135,0.0,0.1135,2025-04-09 01:00:00,BTC-27MAR26-65000-P
0.0,1744164000000,ok,0.1135,0.1135,0.1135,0.0,0.1135,2025-04-09 02:00:00,BTC-27MAR26-65000-P
0.0,1744167600000,ok,0.1135,0.1135,0.1135,0.0,0.1135,2025-04-09 03:00:00,BTC-27MAR26-65000-P
0.0,1744171200000,ok,0.1135,0.1135,0.1135,0.0,0.1135,2025-04-09 04:00:00,BTC-27MAR26-65000-P
0.0,1744174800000,ok,0.1135,0.1135,0.1135,0.0,0.1135,2025-04-09 05:00:00,BTC-27MAR26-65000-P
0.0,1744178400000,ok,0.1135,0.1135,0.1135,0.0,0.1135,2025-04-09 06:00:00,BTC-27MAR26-65000-P
0.0,1744182000000,ok,0.1135,0.1135,0.1135,0.0,0.1135,2025-04-09 07:00:00,BTC-27MAR26-65000-P
0.0,1744185600000,ok,0.1135,0.1135,0.1135,0.0,0.1135,2025-04-09 08:00:00,BTC-27MAR26-65000-P
0.0,1744189200000,ok,0.1135,0.1135,0.1135,0.0,0.1135,2025-04-09 09:00:00,BTC-27MAR26-65000-P
0.0,1744192800000,ok,0.1135,0.1135,0.1135,0.0,0.1135,2025-04-09 10:00:00,BTC-27MAR26-65000-P
0.0,1744196400000,ok,0.1135,0.1135,0.1135,0.0,0.1135,2025-04-09 11:00:00,BTC-27MAR26-65000-P
0.0,1744200000000,ok,0.1135,0.1135,0.1135,0.0,0.1135,2025-04-09 12:00:00,BTC-27MAR26-65000-P
0.0,1744203600000,ok,0.1135,0.1135,0.1135,0.0,0.1135,2025-04-09 13:00:00,BTC-27MAR26-65000-P
0.1,1744207200000,ok,0.103,0.103,0.103,0.0103,0.103,2025-04-09 14:00:00,BTC-27MAR26-65000-P
0.0,1744210800000,ok,0.103,0.103,0.103,0.0,0.103,2025-04-09 15:00:00,BTC-27MAR26-65000-P
0.0,1744214400000,ok,0.103,0.103,0.103,0.0,0.103,2025-04-09 16:00:00,BTC-27MAR26-65000-P
3.0,1744218000000,ok,0.0925,0.0925,0.0925,0.2775,0.0925,2025-04-09 17:00:00,BTC-27MAR26-65000-P
0.0,1744221600000,ok,0.0925,0.0925,0.0925,0.0,0.0925,2025-04-09 18:00:00,BTC-27MAR26-65000-P
0.0,1744225200000,ok,0.0925,0.0925,0.0925,0.0,0.0925,2025-04-09 19:00:00,BTC-27MAR26-65000-P
0.0,1744228800000,ok,0.0925,0.0925,0.0925,0.0,0.0925,2025-04-09 20:00:00,BTC-27MAR26-65000-P
0.0,1744232400000,ok,0.0925,0.0925,0.0925,0.0,0.0925,2025-04-09 21:00:00,BTC-27MAR26-65000-P
0.0,1744236000000,ok,0.0925,0.0925,0.0925,0.0,0.0925,2025-04-09 22:00:00,BTC-27MAR26-65000-P
0.0,1744239600000,ok,0.0925,0.0925,0.0925,0.0,0.0925,2025-04-09 23:00:00,BTC-27MAR26-65000-P
0.0,1744243200000,ok,0.0925,0.0925,0.0925,0.0,0.0925,2025-04-10 00:00:00,BTC-27MAR26-65000-P
0.0,1744246800000,ok,0.0925,0.0925,0.0925,0.0,0.0925,2025-04-10 01:00:00,BTC-27MAR26-65000-P
0.0,1744250400000,ok,0.0925,0.0925,0.0925,0.0,0.0925,2025-04-10 02:00:00,BTC-27MAR26-65000-P
0.0,1744254000000,ok,0.0925,0.0925,0.0925,0.0,0.0925,2025-04-10 03:00:00,BTC-27MAR26-65000-P
0.0,1744257600000,ok,0.0925,0.0925,0.0925,0.0,0.0925,2025-04-10 04:00:00,BTC-27MAR26-65000-P
0.0,1744261200000,ok,0.0925,0.0925,0.0925,0.0,0.0925,2025-04-10 05:00:00,BTC-27MAR26-65000-P
0.0,1744264800000,ok,0.0925,0.0925,0.0925,0.0,0.0925,2025-04-10 06:00:00,BTC-27MAR26-65000-P
0.0,1744268400000,ok,0.0925,0.0925,0.0925,0.0,0.0925,2025-04-10 07:00:00,BTC-27MAR26-65000-P
0.0,1744272000000,ok,0.0925,0.0925,0.0925,0.0,0.0925,2025-04-10 08:00:00,BTC-27MAR26-65000-P
0.0,1744275600000,ok,0.0925,0.0925,0.0925,0.0,0.0925,2025-04-10 09:00:00,BTC-27MAR26-65000-P
0.0,1744279200000,ok,0.0925,0.0925,0.0925,0.0,0.0925,2025-04-10 10:00:00,BTC-27MAR26-65000-P
0.0,1744282800000,ok,0.0925,0.0925,0.0925,0.0,0.0925,2025-04-10 11:00:00,BTC-27MAR26-65000-P
0.0,1744286400000,ok,0.0925,0.0925,0.0925,0.0,0.0925,2025-04-10 12:00:00,BTC-27MAR26-65000-P
0.0,1744290000000,ok,0.0925,0.0925,0.0925,0.0,0.0925,2025-04-10 13:00:00,BTC-27MAR26-65000-P
0.0,1744293600000,ok,0.0925,0.0925,0.0925,0.0,0.0925,2025-04-10 14:00:00,BTC-27MAR26-65000-P
0.0,1744297200000,ok,0.0925,0.0925,0.0925,0.0,0.0925,2025-04-10 15:00:00,BTC-27MAR26-65000-P
0.0,1744300800000,ok,0.0925,0.0925,0.0925,0.0,0.0925,2025-04-10 16:00:00,BTC-27MAR26-65000-P
0.0,1744304400000,ok,0.0925,0.0925,0.0925,0.0,0.0925,2025-04-10 17:00:00,BTC-27MAR26-65000-P
0.0,1744308000000,ok,0.0925,0.0925,0.0925,0.0,0.0925,2025-04-10 18:00:00,BTC-27MAR26-65000-P
0.0,1744311600000,ok,0.0925,0.0925,0.0925,0.0,0.0925,2025-04-10 19:00:00,BTC-27MAR26-65000-P
0.0,1744315200000,ok,0.0925,0.0925,0.0925,0.0,0.0925,2025-04-10 20:00:00,BTC-27MAR26-65000-P
0.0,1744318800000,ok,0.0925,0.0925,0.0925,0.0,0.0925,2025-04-10 21:00:00,BTC-27MAR26-65000-P
0.0,1744322400000,ok,0.0925,0.0925,0.0925,0.0,0.0925,2025-04-10 22:00:00,BTC-27MAR26-65000-P
0.0,1744326000000,ok,0.0925,0.0925,0.0925,0.0,0.0925,2025-04-10 23:00:00,BTC-27MAR26-65000-P
0.0,1744329600000,ok,0.0925,0.0925,0.0925,0.0,0.0925,2025-04-11 00:00:00,BTC-27MAR26-65000-P
0.0,1744333200000,ok,0.0925,0.0925,0.0925,0.0,0.0925,2025-04-11 01:00:00,BTC-27MAR26-65000-P
0.0,1744336800000,ok,0.0925,0.0925,0.0925,0.0,0.0925,2025-04-11 02:00:00,BTC-27MAR26-65000-P
0.0,1744340400000,ok,0.0925,0.0925,0.0925,0.0,0.0925,2025-04-11 03:00:00,BTC-27MAR26-65000-P
0.0,1744344000000,ok,0.0925,0.0925,0.0925,0.0,0.0925,2025-04-11 04:00:00,BTC-27MAR26-65000-P
0.0,1744347600000,ok,0.0925,0.0925,0.0925,0.0,0.0925,2025-04-11 05:00:00,BTC-27MAR26-65000-P
0.0,1744351200000,ok,0.0925,0.0925,0.0925,0.0,0.0925,2025-04-11 06:00:00,BTC-27MAR26-65000-P
0.0,1744354800000,ok,0.0925,0.0925,0.0925,0.0,0.0925,2025-04-11 07:00:00,BTC-27MAR26-65000-P
0.0,1744358400000,ok,0.0925,0.0925,0.0925,0.0,0.0925,2025-04-11 08:00:00,BTC-27MAR26-65000-P
0.0,1744362000000,ok,0.0925,0.0925,0.0925,0.0,0.0925,2025-04-11 09:00:00,BTC-27MAR26-65000-P
0.0,1744365600000,ok,0.0925,0.0925,0.0925,0.0,0.0925,2025-04-11 10:00:00,BTC-27MAR26-65000-P
0.0,1744369200000,ok,0.0925,0.0925,0.0925,0.0,0.0925,2025-04-11 11:00:00,BTC-27MAR26-65000-P
0.0,1744372800000,ok,0.0925,0.0925,0.0925,0.0,0.0925,2025-04-11 12:00:00,BTC-27MAR26-65000-P
0.0,1744376400000,ok,0.0925,0.0925,0.0925,0.0,0.0925,2025-04-11 13:00:00,BTC-27MAR26-65000-P
0.0,1744380000000,ok,0.0925,0.0925,0.0925,0.0,0.0925,2025-04-11 14:00:00,BTC-27MAR26-65000-P
0.0,1744383600000,ok,0.0925,0.0925,0.0925,0.0,0.0925,2025-04-11 15:00:00,BTC-27MAR26-65000-P
0.0,1744387200000,ok,0.0925,0.0925,0.0925,0.0,0.0925,2025-04-11 16:00:00,BTC-27MAR26-65000-P
0.0,1744390800000,ok,0.0925,0.0925,0.0925,0.0,0.0925,2025-04-11 17:00:00,BTC-27MAR26-65000-P
0.0,1744394400000,ok,0.0925,0.0925,0.0925,0.0,0.0925,2025-04-11 18:00:00,BTC-27MAR26-65000-P
0.0,1744398000000,ok,0.0925,0.0925,0.0925,0.0,0.0925,2025-04-11 19:00:00,BTC-27MAR26-65000-P
0.0,1744401600000,ok,0.0925,0.0925,0.0925,0.0,0.0925,2025-04-11 20:00:00,BTC-27MAR26-65000-P
0.0,1744405200000,ok,0.0925,0.0925,0.0925,0.0,0.0925,2025-04-11 21:00:00,BTC-27MAR26-65000-P
0.0,1744408800000,ok,0.0925,0.0925,0.0925,0.0,0.0925,2025-04-11 22:00:00,BTC-27MAR26-65000-P
0.0,1744412400000,ok,0.0925,0.0925,0.0925,0.0,0.0925,2025-04-11 23:00:00,BTC-27MAR26-65000-P
0.0,1744416000000,ok,0.0925,0.0925,0.0925,0.0,0.0925,2025-04-12 00:00:00,BTC-27MAR26-65000-P
0.0,1744419600000,ok,0.0925,0.0925,0.0925,0.0,0.0925,2025-04-12 01:00:00,BTC-27MAR26-65000-P
0.0,1744423200000,ok,0.0925,0.0925,0.0925,0.0,0.0925,2025-04-12 02:00:00,BTC-27MAR26-65000-P
0.0,1744426800000,ok,0.0925,0.0925,0.0925,0.0,0.0925,2025-04-12 03:00:00,BTC-27MAR26-65000-P
0.0,1744430400000,ok,0.0925,0.0925,0.0925,0.0,0.0925,2025-04-12 04:00:00,BTC-27MAR26-65000-P
0.0,1744434000000,ok,0.0925,0.0925,0.0925,0.0,0.0925,2025-04-12 05:00:00,BTC-27MAR26-65000-P
0.0,1744437600000,ok,0.0925,0.0925,0.0925,0.0,0.0925,2025-04-12 06:00:00,BTC-27MAR26-65000-P
0.0,1744441200000,ok,0.0925,0.0925,0.0925,0.0,0.0925,2025-04-12 07:00:00,BTC-27MAR26-65000-P
3.0,1744444800000,ok,0.0875,0.0875,0.0875,0.2625,0.0875,2025-04-12 08:00:00,BTC-27MAR26-65000-P
0.0,1744448400000,ok,0.0875,0.0875,0.0875,0.0,0.0875,2025-04-12 09:00:00,BTC-27MAR26-65000-P
0.0,1744452000000,ok,0.0875,0.0875,0.0875,0.0,0.0875,2025-04-12 10:00:00,BTC-27MAR26-65000-P
0.0,1744455600000,ok,0.0875,0.0875,0.0875,0.0,0.0875,2025-04-12 11:00:00,BTC-27MAR26-65000-P
0.0,1744459200000,ok,0.0875,0.0875,0.0875,0.0,0.0875,2025-04-12 12:00:00,BTC-27MAR26-65000-P
0.0,1744462800000,ok,0.0875,0.0875,0.0875,0.0,0.0875,2025-04-12 13:00:00,BTC-27MAR26-65000-P
0.0,1744466400000,ok,0.0875,0.0875,0.0875,0.0,0.0875,2025-04-12 14:00:00,BTC-27MAR26-65000-P
0.0,1744470000000,ok,0.0875,0.0875,0.0875,0.0,0.0875,2025-04-12 15:00:00,BTC-27MAR26-65000-P
0.0,1744473600000,ok,0.0875,0.0875,0.0875,0.0,0.0875,2025-04-12 16:00:00,BTC-27MAR26-65000-P
0.0,1744477200000,ok,0.0875,0.0875,0.0875,0.0,0.0875,2025-04-12 17:00:00,BTC-27MAR26-65000-P
0.0,1744480800000,ok,0.0875,0.0875,0.0875,0.0,0.0875,2025-04-12 18:00:00,BTC-27MAR26-65000-P
0.0,1744484400000,ok,0.0875,0.0875,0.0875,0.0,0.0875,2025-04-12 19:00:00,BTC-27MAR26-65000-P
0.0,1744488000000,ok,0.0875,0.0875,0.0875,0.0,0.0875,2025-04-12 20:00:00,BTC-27MAR26-65000-P
0.0,1744491600000,ok,0.0875,0.0875,0.0875,0.0,0.0875,2025-04-12 21:00:00,BTC-27MAR26-65000-P
0.0,1744495200000,ok,0.0875,0.0875,0.0875,0.0,0.0875,2025-04-12 22:00:00,BTC-27MAR26-65000-P
0.0,1744498800000,ok,0.0875,0.0875,0.0875,0.0,0.0875,2025-04-12 23:00:00,BTC-27MAR26-65000-P
0.0,1744502400000,ok,0.0875,0.0875,0.0875,0.0,0.0875,2025-04-13 00:00:00,BTC-27MAR26-65000-P
0.0,1744506000000,ok,0.0875,0.0875,0.0875,0.0,0.0875,2025-04-13 01:00:00,BTC-27MAR26-65000-P
0.0,1744509600000,ok,0.0875,0.0875,0.0875,0.0,0.0875,2025-04-13 02:00:00,BTC-27MAR26-65000-P
0.0,1744513200000,ok,0.0875,0.0875,0.0875,0.0,0.0875,2025-04-13 03:00:00,BTC-27MAR26-65000-P
0.0,1744516800000,ok,0.0875,0.0875,0.0875,0.0,0.0875,2025-04-13 04:00:00,BTC-27MAR26-65000-P
0.0,1744520400000,ok,0.0875,0.0875,0.0875,0.0,0.0875,2025-04-13 05:00:00,BTC-27MAR26-65000-P
0.0,1744524000000,ok,0.0875,0.0875,0.0875,0.0,0.0875,2025-04-13 06:00:00,BTC-27MAR26-65000-P
0.0,1744527600000,ok,0.0875,0.0875,0.0875,0.0,0.0875,2025-04-13 07:00:00,BTC-27MAR26-65000-P
0.0,1744531200000,ok,0.0875,0.0875,0.0875,0.0,0.0875,2025-04-13 08:00:00,BTC-27MAR26-65000-P
0.0,1744534800000,ok,0.0875,0.0875,0.0875,0.0,0.0875,2025-04-13 09:00:00,BTC-27MAR26-65000-P
0.0,1744538400000,ok,0.0875,0.0875,0.0875,0.0,0.0875,2025-04-13 10:00:00,BTC-27MAR26-65000-P
0.0,1744542000000,ok,0.0875,0.0875,0.0875,0.0,0.0875,2025-04-13 11:00:00,BTC-27MAR26-65000-P
0.0,1744545600000,ok,0.0875,0.0875,0.0875,0.0,0.0875,2025-04-13 12:00:00,BTC-27MAR26-65000-P
0.0,1744549200000,ok,0.0875,0.0875,0.0875,0.0,0.0875,2025-04-13 13:00:00,BTC-27MAR26-65000-P
0.0,1744552800000,ok,0.0875,0.0875,0.0875,0.0,0.0875,2025-04-13 14:00:00,BTC-27MAR26-65000-P
0.0,1744556400000,ok,0.0875,0.0875,0.0875,0.0,0.0875,2025-04-13 15:00:00,BTC-27MAR26-65000-P
0.0,1744560000000,ok,0.0875,0.0875,0.0875,0.0,0.0875,2025-04-13 16:00:00,BTC-27MAR26-65000-P
0.0,1744563600000,ok,0.0875,0.0875,0.0875,0.0,0.0875,2025-04-13 17:00:00,BTC-27MAR26-65000-P
0.0,1744567200000,ok,0.0875,0.0875,0.0875,0.0,0.0875,2025-04-13 18:00:00,BTC-27MAR26-65000-P
0.0,1744570800000,ok,0.0875,0.0875,0.0875,0.0,0.0875,2025-04-13 19:00:00,BTC-27MAR26-65000-P
0.0,1744574400000,ok,0.0875,0.0875,0.0875,0.0,0.0875,2025-04-13 20:00:00,BTC-27MAR26-65000-P
0.0,1744578000000,ok,0.0875,0.0875,0.0875,0.0,0.0875,2025-04-13 21:00:00,BTC-27MAR26-65000-P
0.0,1744581600000,ok,0.0875,0.0875,0.0875,0.0,0.0875,2025-04-13 22:00:00,BTC-27MAR26-65000-P
0.0,1744585200000,ok,0.0875,0.0875,0.0875,0.0,0.0875,2025-04-13 23:00:00,BTC-27MAR26-65000-P
0.0,1744588800000,ok,0.0875,0.0875,0.0875,0.0,0.0875,2025-04-14 00:00:00,BTC-27MAR26-65000-P
0.0,1744592400000,ok,0.0875,0.0875,0.0875,0.0,0.0875,2025-04-14 01:00:00,BTC-27MAR26-65000-P
0.0,1744596000000,ok,0.0875,0.0875,0.0875,0.0,0.0875,2025-04-14 02:00:00,BTC-27MAR26-65000-P
0.0,1744599600000,ok,0.0875,0.0875,0.0875,0.0,0.0875,2025-04-14 03:00:00,BTC-27MAR26-65000-P
0.0,1744603200000,ok,0.0875,0.0875,0.0875,0.0,0.0875,2025-04-14 04:00:00,BTC-27MAR26-65000-P
0.0,1744606800000,ok,0.0875,0.0875,0.0875,0.0,0.0875,2025-04-14 05:00:00,BTC-27MAR26-65000-P
0.0,1744610400000,ok,0.0875,0.0875,0.0875,0.0,0.0875,2025-04-14 06:00:00,BTC-27MAR26-65000-P
0.0,1744614000000,ok,0.0875,0.0875,0.0875,0.0,0.0875,2025-04-14 07:00:00,BTC-27MAR26-65000-P
0.0,1744617600000,ok,0.0875,0.0875,0.0875,0.0,0.0875,2025-04-14 08:00:00,BTC-27MAR26-65000-P
0.0,1744621200000,ok,0.0875,0.0875,0.0875,0.0,0.0875,2025-04-14 09:00:00,BTC-27MAR26-65000-P
0.0,1744624800000,ok,0.0875,0.0875,0.0875,0.0,0.0875,2025-04-14 10:00:00,BTC-27MAR26-65000-P
0.0,1744628400000,ok,0.0875,0.0875,0.0875,0.0,0.0875,2025-04-14 11:00:00,BTC-27MAR26-65000-P
0.0,1744632000000,ok,0.0875,0.0875,0.0875,0.0,0.0875,2025-04-14 12:00:00,BTC-27MAR26-65000-P
0.0,1744635600000,ok,0.0875,0.0875,0.0875,0.0,0.0875,2025-04-14 13:00:00,BTC-27MAR26-65000-P
0.1,1744639200000,ok,0.077,0.077,0.077,0.0077,0.077,2025-04-14 14:00:00,BTC-27MAR26-65000-P
0.0,1744642800000,ok,0.077,0.077,0.077,0.0,0.077,2025-04-14 15:00:00,BTC-27MAR26-65000-P
0.0,1744646400000,ok,0.077,0.077,0.077,0.0,0.077,2025-04-14 16:00:00,BTC-27MAR26-65000-P
0.0,1744650000000,ok,0.077,0.077,0.077,0.0,0.077,2025-04-14 17:00:00,BTC-27MAR26-65000-P
0.0,1744653600000,ok,0.077,0.077,0.077,0.0,0.077,2025-04-14 18:00:00,BTC-27MAR26-65000-P
0.0,1744657200000,ok,0.077,0.077,0.077,0.0,0.077,2025-04-14 19:00:00,BTC-27MAR26-65000-P
0.0,1744660800000,ok,0.077,0.077,0.077,0.0,0.077,2025-04-14 20:00:00,BTC-27MAR26-65000-P
0.0,1744664400000,ok,0.077,0.077,0.077,0.0,0.077,2025-04-14 21:00:00,BTC-27MAR26-65000-P
0.0,1744668000000,ok,0.077,0.077,0.077,0.0,0.077,2025-04-14 22:00:00,BTC-27MAR26-65000-P
0.0,1744671600000,ok,0.077,0.077,0.077,0.0,0.077,2025-04-14 23:00:00,BTC-27MAR26-65000-P
0.0,1744675200000,ok,0.077,0.077,0.077,0.0,0.077,2025-04-15 00:00:00,BTC-27MAR26-65000-P
0.0,1744678800000,ok,0.077,0.077,0.077,0.0,0.077,2025-04-15 01:00:00,BTC-27MAR26-65000-P
0.0,1744682400000,ok,0.077,0.077,0.077,0.0,0.077,2025-04-15 02:00:00,BTC-27MAR26-65000-P
0.0,1744686000000,ok,0.077,0.077,0.077,0.0,0.077,2025-04-15 03:00:00,BTC-27MAR26-65000-P
0.0,1744689600000,ok,0.077,0.077,0.077,0.0,0.077,2025-04-15 04:00:00,BTC-27MAR26-65000-P
0.0,1744693200000,ok,0.077,0.077,0.077,0.0,0.077,2025-04-15 05:00:00,BTC-27MAR26-65000-P
0.0,1744696800000,ok,0.077,0.077,0.077,0.0,0.077,2025-04-15 06:00:00,BTC-27MAR26-65000-P
0.0,1744700400000,ok,0.077,0.077,0.077,0.0,0.077,2025-04-15 07:00:00,BTC-27MAR26-65000-P
0.0,1744704000000,ok,0.077,0.077,0.077,0.0,0.077,2025-04-15 08:00:00,BTC-27MAR26-65000-P
0.0,1744707600000,ok,0.077,0.077,0.077,0.0,0.077,2025-04-15 09:00:00,BTC-27MAR26-65000-P
0.0,1744711200000,ok,0.077,0.077,0.077,0.0,0.077,2025-04-15 10:00:00,BTC-27MAR26-65000-P
0.0,1744714800000,ok,0.077,0.077,0.077,0.0,0.077,2025-04-15 11:00:00,BTC-27MAR26-65000-P
0.0,1744718400000,ok,0.077,0.077,0.077,0.0,0.077,2025-04-15 12:00:00,BTC-27MAR26-65000-P
0.0,1744722000000,ok,0.077,0.077,0.077,0.0,0.077,2025-04-15 13:00:00,BTC-27MAR26-65000-P
0.0,1744725600000,ok,0.077,0.077,0.077,0.0,0.077,2025-04-15 14:00:00,BTC-27MAR26-65000-P
0.0,1744729200000,ok,0.077,0.077,0.077,0.0,0.077,2025-04-15 15:00:00,BTC-27MAR26-65000-P
0.0,1744732800000,ok,0.077,0.077,0.077,0.0,0.077,2025-04-15 16:00:00,BTC-27MAR26-65000-P
0.2,1744736400000,ok,0.076,0.076,0.0765,0.01525,0.0765,2025-04-15 17:00:00,BTC-27MAR26-65000-P
0.1,1744740000000,ok,0.077,0.077,0.077,0.0077,0.077,2025-04-15 18:00:00,BTC-27MAR26-65000-P
0.0,1744743600000,ok,0.077,0.077,0.077,0.0,0.077,2025-04-15 19:00:00,BTC-27MAR26-65000-P
0.0,1744747200000,ok,0.077,0.077,0.077,0.0,0.077,2025-04-15 20:00:00,BTC-27MAR26-65000-P
0.0,1744750800000,ok,0.077,0.077,0.077,0.0,0.077,2025-04-15 21:00:00,BTC-27MAR26-65000-P
0.0,1744754400000,ok,0.077,0.077,0.077,0.0,0.077,2025-04-15 22:00:00,BTC-27MAR26-65000-P
0.0,1744758000000,ok,0.077,0.077,0.077,0.0,0.077,2025-04-15 23:00:00,BTC-27MAR26-65000-P
0.0,1744761600000,ok,0.077,0.077,0.077,0.0,0.077,2025-04-16 00:00:00,BTC-27MAR26-65000-P
0.0,1744765200000,ok,0.077,0.077,0.077,0.0,0.077,2025-04-16 01:00:00,BTC-27MAR26-65000-P
0.0,1744768800000,ok,0.077,0.077,0.077,0.0,0.077,2025-04-16 02:00:00,BTC-27MAR26-65000-P
0.0,1744772400000,ok,0.077,0.077,0.077,0.0,0.077,2025-04-16 03:00:00,BTC-27MAR26-65000-P
0.0,1744776000000,ok,0.077,0.077,0.077,0.0,0.077,2025-04-16 04:00:00,BTC-27MAR26-65000-P
0.0,1744779600000,ok,0.077,0.077,0.077,0.0,0.077,2025-04-16 05:00:00,BTC-27MAR26-65000-P
0.0,1744783200000,ok,0.077,0.077,0.077,0.0,0.077,2025-04-16 06:00:00,BTC-27MAR26-65000-P
0.0,1744786800000,ok,0.077,0.077,0.077,0.0,0.077,2025-04-16 07:00:00,BTC-27MAR26-65000-P
0.0,1744790400000,ok,0.077,0.077,0.077,0.0,0.077,2025-04-16 08:00:00,BTC-27MAR26-65000-P
0.0,1744794000000,ok,0.077,0.077,0.077,0.0,0.077,2025-04-16 09:00:00,BTC-27MAR26-65000-P
0.0,1744797600000,ok,0.077,0.077,0.077,0.0,0.077,2025-04-16 10:00:00,BTC-27MAR26-65000-P
0.0,1744801200000,ok,0.077,0.077,0.077,0.0,0.077,2025-04-16 11:00:00,BTC-27MAR26-65000-P
0.1,1744804800000,ok,0.0755,0.0755,0.0755,0.00755,0.0755,2025-04-16 12:00:00,BTC-27MAR26-65000-P
0.0,1744808400000,ok,0.0755,0.0755,0.0755,0.0,0.0755,2025-04-16 13:00:00,BTC-27MAR26-65000-P
0.1,1744812000000,ok,0.0785,0.0785,0.0785,0.00785,0.0785,2025-04-16 14:00:00,BTC-27MAR26-65000-P
0.1,1744815600000,ok,0.073,0.073,0.073,0.0073,0.073,2025-04-16 15:00:00,BTC-27MAR26-65000-P
0.0,1744819200000,ok,0.073,0.073,0.073,0.0,0.073,2025-04-16 16:00:00,BTC-27MAR26-65000-P
0.0,1744822800000,ok,0.073,0.073,0.073,0.0,0.073,2025-04-16 17:00:00,BTC-27MAR26-65000-P
0.0,1744826400000,ok,0.073,0.073,0.073,0.0,0.073,2025-04-16 18:00:00,BTC-27MAR26-65000-P
0.0,1744830000000,ok,0.073,0.073,0.073,0.0,0.073,2025-04-16 19:00:00,BTC-27MAR26-65000-P
0.0,1744833600000,ok,0.073,0.073,0.073,0.0,0.073,2025-04-16 20:00:00,BTC-27MAR26-65000-P
0.0,1744837200000,ok,0.073,0.073,0.073,0.0,0.073,2025-04-16 21:00:00,BTC-27MAR26-65000-P
0.0,1744840800000,ok,0.073,0.073,0.073,0.0,0.073,2025-04-16 22:00:00,BTC-27MAR26-65000-P
0.0,1744844400000,ok,0.073,0.073,0.073,0.0,0.073,2025-04-16 23:00:00,BTC-27MAR26-65000-P
0.0,1744848000000,ok,0.073,0.073,0.073,0.0,0.073,2025-04-17 00:00:00,BTC-27MAR26-65000-P
0.0,1744851600000,ok,0.073,0.073,0.073,0.0,0.073,2025-04-17 01:00:00,BTC-27MAR26-65000-P
0.0,1744855200000,ok,0.073,0.073,0.073,0.0,0.073,2025-04-17 02:00:00,BTC-27MAR26-65000-P
0.0,1744858800000,ok,0.073,0.073,0.073,0.0,0.073,2025-04-17 03:00:00,BTC-27MAR26-65000-P
0.0,1744862400000,ok,0.073,0.073,0.073,0.0,0.073,2025-04-17 04:00:00,BTC-27MAR26-65000-P
0.0,1744866000000,ok,0.073,0.073,0.073,0.0,0.073,2025-04-17 05:00:00,BTC-27MAR26-65000-P
0.0,1744869600000,ok,0.073,0.073,0.073,0.0,0.073,2025-04-17 06:00:00,BTC-27MAR26-65000-P
5.0,1744873200000,ok,0.0735,0.0735,0.0735,0.3675,0.0735,2025-04-17 07:00:00,BTC-27MAR26-65000-P
0.0,1744876800000,ok,0.0735,0.0735,0.0735,0.0,0.0735,2025-04-17 08:00:00,BTC-27MAR26-65000-P
0.0,1744880400000,ok,0.0735,0.0735,0.0735,0.0,0.0735,2025-04-17 09:00:00,BTC-27MAR26-65000-P
0.0,1744884000000,ok,0.0735,0.0735,0.0735,0.0,0.0735,2025-04-17 10:00:00,BTC-27MAR26-65000-P
0.0,1744887600000,ok,0.0735,0.0735,0.0735,0.0,0.0735,2025-04-17 11:00:00,BTC-27MAR26-65000-P
0.0,1744891200000,ok,0.0735,0.0735,0.0735,0.0,0.0735,2025-04-17 12:00:00,BTC-27MAR26-65000-P
0.0,1744894800000,ok,0.0735,0.0735,0.0735,0.0,0.0735,2025-04-17 13:00:00,BTC-27MAR26-65000-P
0.0,1744898400000,ok,0.0735,0.0735,0.0735,0.0,0.0735,2025-04-17 14:00:00,BTC-27MAR26-65000-P
0.0,1744902000000,ok,0.0735,0.0735,0.0735,0.0,0.0735,2025-04-17 15:00:00,BTC-27MAR26-65000-P
0.0,1744905600000,ok,0.0735,0.0735,0.0735,0.0,0.0735,2025-04-17 16:00:00,BTC-27MAR26-65000-P
0.0,1744909200000,ok,0.0735,0.0735,0.0735,0.0,0.0735,2025-04-17 17:00:00,BTC-27MAR26-65000-P
0.0,1744912800000,ok,0.0735,0.0735,0.0735,0.0,0.0735,2025-04-17 18:00:00,BTC-27MAR26-65000-P
0.0,1744916400000,ok,0.0735,0.0735,0.0735,0.0,0.0735,2025-04-17 19:00:00,BTC-27MAR26-65000-P
0.0,1744920000000,ok,0.0735,0.0735,0.0735,0.0,0.0735,2025-04-17 20:00:00,BTC-27MAR26-65000-P
0.0,1744923600000,ok,0.0735,0.0735,0.0735,0.0,0.0735,2025-04-17 21:00:00,BTC-27MAR26-65000-P
0.0,1744927200000,ok,0.0735,0.0735,0.0735,0.0,0.0735,2025-04-17 22:00:00,BTC-27MAR26-65000-P
0.0,1744930800000,ok,0.0735,0.0735,0.0735,0.0,0.0735,2025-04-17 23:00:00,BTC-27MAR26-65000-P
0.0,1744934400000,ok,0.0735,0.0735,0.0735,0.0,0.0735,2025-04-18 00:00:00,BTC-27MAR26-65000-P
0.0,1744938000000,ok,0.0735,0.0735,0.0735,0.0,0.0735,2025-04-18 01:00:00,BTC-27MAR26-65000-P
0.0,1744941600000,ok,0.0735,0.0735,0.0735,0.0,0.0735,2025-04-18 02:00:00,BTC-27MAR26-65000-P
0.0,1744945200000,ok,0.0735,0.0735,0.0735,0.0,0.0735,2025-04-18 03:00:00,BTC-27MAR26-65000-P
0.0,1744948800000,ok,0.0735,0.0735,0.0735,0.0,0.0735,2025-04-18 04:00:00,BTC-27MAR26-65000-P
0.1,1744952400000,ok,0.076,0.076,0.076,0.0076,0.076,2025-04-18 05:00:00,BTC-27MAR26-65000-P
0.0,1744956000000,ok,0.076,0.076,0.076,0.0,0.076,2025-04-18 06:00:00,BTC-27MAR26-65000-P
0.0,1744959600000,ok,0.076,0.076,0.076,0.0,0.076,2025-04-18 07:00:00,BTC-27MAR26-65000-P
0.0,1744963200000,ok,0.076,0.076,0.076,0.0,0.076,2025-04-18 08:00:00,BTC-27MAR26-65000-P
0.0,1744966800000,ok,0.076,0.076,0.076,0.0,0.076,2025-04-18 09:00:00,BTC-27MAR26-65000-P
0.0,1744970400000,ok,0.076,0.076,0.076,0.0,0.076,2025-04-18 10:00:00,BTC-27MAR26-65000-P
0.0,1744974000000,ok,0.076,0.076,0.076,0.0,0.076,2025-04-18 11:00:00,BTC-27MAR26-65000-P
0.0,1744977600000,ok,0.076,0.076,0.076,0.0,0.076,2025-04-18 12:00:00,BTC-27MAR26-65000-P
0.0,1744981200000,ok,0.076,0.076,0.076,0.0,0.076,2025-04-18 13:00:00,BTC-27MAR26-65000-P
0.0,1744984800000,ok,0.076,0.076,0.076,0.0,0.076,2025-04-18 14:00:00,BTC-27MAR26-65000-P
0.0,1744988400000,ok,0.076,0.076,0.076,0.0,0.076,2025-04-18 15:00:00,BTC-27MAR26-65000-P
0.0,1744992000000,ok,0.076,0.076,0.076,0.0,0.076,2025-04-18 16:00:00,BTC-27MAR26-65000-P
0.0,1744995600000,ok,0.076,0.076,0.076,0.0,0.076,2025-04-18 17:00:00,BTC-27MAR26-65000-P
0.0,1744999200000,ok,0.076,0.076,0.076,0.0,0.076,2025-04-18 18:00:00,BTC-27MAR26-65000-P
0.0,1745002800000,ok,0.076,0.076,0.076,0.0,0.076,2025-04-18 19:00:00,BTC-27MAR26-65000-P
0.0,1745006400000,ok,0.076,0.076,0.076,0.0,0.076,2025-04-18 20:00:00,BTC-27MAR26-65000-P
0.0,1745010000000,ok,0.076,0.076,0.076,0.0,0.076,2025-04-18 21:00:00,BTC-27MAR26-65000-P
0.0,1745013600000,ok,0.076,0.076,0.076,0.0,0.076,2025-04-18 22:00:00,BTC-27MAR26-65000-P
0.0,1745017200000,ok,0.076,0.076,0.076,0.0,0.076,2025-04-18 23:00:00,BTC-27MAR26-65000-P
0.0,1745020800000,ok,0.076,0.076,0.076,0.0,0.076,2025-04-19 00:00:00,BTC-27MAR26-65000-P
0.0,1745024400000,ok,0.076,0.076,0.076,0.0,0.076,2025-04-19 01:00:00,BTC-27MAR26-65000-P
0.0,1745028000000,ok,0.076,0.076,0.076,0.0,0.076,2025-04-19 02:00:00,BTC-27MAR26-65000-P
0.0,1745031600000,ok,0.076,0.076,0.076,0.0,0.076,2025-04-19 03:00:00,BTC-27MAR26-65000-P
0.0,1745035200000,ok,0.076,0.076,0.076,0.0,0.076,2025-04-19 04:00:00,BTC-27MAR26-65000-P
0.0,1745038800000,ok,0.076,0.076,0.076,0.0,0.076,2025-04-19 05:00:00,BTC-27MAR26-65000-P
0.0,1745042400000,ok,0.076,0.076,0.076,0.0,0.076,2025-04-19 06:00:00,BTC-27MAR26-65000-P
0.0,1745046000000,ok,0.076,0.076,0.076,0.0,0.076,2025-04-19 07:00:00,BTC-27MAR26-65000-P
0.1,1745049600000,ok,0.0715,0.0715,0.0715,0.00715,0.0715,2025-04-19 08:00:00,BTC-27MAR26-65000-P
0.0,1745053200000,ok,0.0715,0.0715,0.0715,0.0,0.0715,2025-04-19 09:00:00,BTC-27MAR26-65000-P
0.0,1745056800000,ok,0.0715,0.0715,0.0715,0.0,0.0715,2025-04-19 10:00:00,BTC-27MAR26-65000-P
0.0,1745060400000,ok,0.0715,0.0715,0.0715,0.0,0.0715,2025-04-19 11:00:00,BTC-27MAR26-65000-P
0.0,1745064000000,ok,0.0715,0.0715,0.0715,0.0,0.0715,2025-04-19 12:00:00,BTC-27MAR26-65000-P
0.0,1745067600000,ok,0.0715,0.0715,0.0715,0.0,0.0715,2025-04-19 13:00:00,BTC-27MAR26-65000-P
0.0,1745071200000,ok,0.0715,0.0715,0.0715,0.0,0.0715,2025-04-19 14:00:00,BTC-27MAR26-65000-P
0.0,1745074800000,ok,0.0715,0.0715,0.0715,0.0,0.0715,2025-04-19 15:00:00,BTC-27MAR26-65000-P
0.0,1745078400000,ok,0.0715,0.0715,0.0715,0.0,0.0715,2025-04-19 16:00:00,BTC-27MAR26-65000-P
0.0,1745082000000,ok,0.0715,0.0715,0.0715,0.0,0.0715,2025-04-19 17:00:00,BTC-27MAR26-65000-P
0.0,1745085600000,ok,0.0715,0.0715,0.0715,0.0,0.0715,2025-04-19 18:00:00,BTC-27MAR26-65000-P
0.0,1745089200000,ok,0.0715,0.0715,0.0715,0.0,0.0715,2025-04-19 19:00:00,BTC-27MAR26-65000-P
0.0,1745092800000,ok,0.0715,0.0715,0.0715,0.0,0.0715,2025-04-19 20:00:00,BTC-27MAR26-65000-P
0.0,1745096400000,ok,0.0715,0.0715,0.0715,0.0,0.0715,2025-04-19 21:00:00,BTC-27MAR26-65000-P
0.0,1745100000000,ok,0.0715,0.0715,0.0715,0.0,0.0715,2025-04-19 22:00:00,BTC-27MAR26-65000-P
0.0,1745103600000,ok,0.0715,0.0715,0.0715,0.0,0.0715,2025-04-19 23:00:00,BTC-27MAR26-65000-P
0.0,1745107200000,ok,0.0715,0.0715,0.0715,0.0,0.0715,2025-04-20 00:00:00,BTC-27MAR26-65000-P
0.0,1745110800000,ok,0.0715,0.0715,0.0715,0.0,0.0715,2025-04-20 01:00:00,BTC-27MAR26-65000-P
0.0,1745114400000,ok,0.0715,0.0715,0.0715,0.0,0.0715,2025-04-20 02:00:00,BTC-27MAR26-65000-P
0.0,1745118000000,ok,0.0715,0.0715,0.0715,0.0,0.0715,2025-04-20 03:00:00,BTC-27MAR26-65000-P
0.0,1745121600000,ok,0.0715,0.0715,0.0715,0.0,0.0715,2025-04-20 04:00:00,BTC-27MAR26-65000-P
0.0,1745125200000,ok,0.0715,0.0715,0.0715,0.0,0.0715,2025-04-20 05:00:00,BTC-27MAR26-65000-P
0.0,1745128800000,ok,0.0715,0.0715,0.0715,0.0,0.0715,2025-04-20 06:00:00,BTC-27MAR26-65000-P
0.0,1745132400000,ok,0.0715,0.0715,0.0715,0.0,0.0715,2025-04-20 07:00:00,BTC-27MAR26-65000-P
0.0,1745136000000,ok,0.0715,0.0715,0.0715,0.0,0.0715,2025-04-20 08:00:00,BTC-27MAR26-65000-P
0.0,1745139600000,ok,0.0715,0.0715,0.0715,0.0,0.0715,2025-04-20 09:00:00,BTC-27MAR26-65000-P
0.0,1745143200000,ok,0.0715,0.0715,0.0715,0.0,0.0715,2025-04-20 10:00:00,BTC-27MAR26-65000-P
0.0,1745146800000,ok,0.0715,0.0715,0.0715,0.0,0.0715,2025-04-20 11:00:00,BTC-27MAR26-65000-P
0.0,1745150400000,ok,0.0715,0.0715,0.0715,0.0,0.0715,2025-04-20 12:00:00,BTC-27MAR26-65000-P
0.0,1745154000000,ok,0.0715,0.0715,0.0715,0.0,0.0715,2025-04-20 13:00:00,BTC-27MAR26-65000-P
0.0,1745157600000,ok,0.0715,0.0715,0.0715,0.0,0.0715,2025-04-20 14:00:00,BTC-27MAR26-65000-P
0.0,1745161200000,ok,0.0715,0.0715,0.0715,0.0,0.0715,2025-04-20 15:00:00,BTC-27MAR26-65000-P
0.0,1745164800000,ok,0.0715,0.0715,0.0715,0.0,0.0715,2025-04-20 16:00:00,BTC-27MAR26-65000-P
0.0,1745168400000,ok,0.0715,0.0715,0.0715,0.0,0.0715,2025-04-20 17:00:00,BTC-27MAR26-65000-P
0.0,1745172000000,ok,0.0715,0.0715,0.0715,0.0,0.0715,2025-04-20 18:00:00,BTC-27MAR26-65000-P
0.0,1745175600000,ok,0.0715,0.0715,0.0715,0.0,0.0715,2025-04-20 19:00:00,BTC-27MAR26-65000-P
0.0,1745179200000,ok,0.0715,0.0715,0.0715,0.0,0.0715,2025-04-20 20:00:00,BTC-27MAR26-65000-P
0.0,1745182800000,ok,0.0715,0.0715,0.0715,0.0,0.0715,2025-04-20 21:00:00,BTC-27MAR26-65000-P
0.0,1745186400000,ok,0.0715,0.0715,0.0715,0.0,0.0715,2025-04-20 22:00:00,BTC-27MAR26-65000-P
0.0,1745190000000,ok,0.0715,0.0715,0.0715,0.0,0.0715,2025-04-20 23:00:00,BTC-27MAR26-65000-P
0.0,1745193600000,ok,0.0715,0.0715,0.0715,0.0,0.0715,2025-04-21 00:00:00,BTC-27MAR26-65000-P
0.0,1745197200000,ok,0.0715,0.0715,0.0715,0.0,0.0715,2025-04-21 01:00:00,BTC-27MAR26-65000-P
0.0,1745200800000,ok,0.0715,0.0715,0.0715,0.0,0.0715,2025-04-21 02:00:00,BTC-27MAR26-65000-P
0.0,1745204400000,ok,0.0715,0.0715,0.0715,0.0,0.0715,2025-04-21 03:00:00,BTC-27MAR26-65000-P
0.0,1745208000000,ok,0.0715,0.0715,0.0715,0.0,0.0715,2025-04-21 04:00:00,BTC-27MAR26-65000-P
0.0,1745211600000,ok,0.0715,0.0715,0.0715,0.0,0.0715,2025-04-21 05:00:00,BTC-27MAR26-65000-P
0.0,1745215200000,ok,0.0715,0.0715,0.0715,0.0,0.0715,2025-04-21 06:00:00,BTC-27MAR26-65000-P
0.0,1745218800000,ok,0.0715,0.0715,0.0715,0.0,0.0715,2025-04-21 07:00:00,BTC-27MAR26-65000-P
0.0,1745222400000,ok,0.0715,0.0715,0.0715,0.0,0.0715,2025-04-21 08:00:00,BTC-27MAR26-65000-P
0.0,1745226000000,ok,0.0715,0.0715,0.0715,0.0,0.0715,2025-04-21 09:00:00,BTC-27MAR26-65000-P
0.0,1745229600000,ok,0.0715,0.0715,0.0715,0.0,0.0715,2025-04-21 10:00:00,BTC-27MAR26-65000-P
0.0,1745233200000,ok,0.0715,0.0715,0.0715,0.0,0.0715,2025-04-21 11:00:00,BTC-27MAR26-65000-P
0.0,1745236800000,ok,0.0715,0.0715,0.0715,0.0,0.0715,2025-04-21 12:00:00,BTC-27MAR26-65000-P
0.0,1745240400000,ok,0.0715,0.0715,0.0715,0.0,0.0715,2025-04-21 13:00:00,BTC-27MAR26-65000-P
0.2,1745244000000,ok,0.0655,0.0655,0.0655,0.0131,0.0655,2025-04-21 14:00:00,BTC-27MAR26-65000-P
0.2,1745247600000,ok,0.0645,0.0645,0.0645,0.0129,0.0645,2025-04-21 15:00:00,BTC-27MAR26-65000-P
0.0,1745251200000,ok,0.0645,0.0645,0.0645,0.0,0.0645,2025-04-21 16:00:00,BTC-27MAR26-65000-P
0.0,1745254800000,ok,0.0645,0.0645,0.0645,0.0,0.0645,2025-04-21 17:00:00,BTC-27MAR26-65000-P
0.0,1745258400000,ok,0.0645,0.0645,0.0645,0.0,0.0645,2025-04-21 18:00:00,BTC-27MAR26-65000-P
0.0,1745262000000,ok,0.0645,0.0645,0.0645,0.0,0.0645,2025-04-21 19:00:00,BTC-27MAR26-65000-P
0.0,1745265600000,ok,0.0645,0.0645,0.0645,0.0,0.0645,2025-04-21 20:00:00,BTC-27MAR26-65000-P
0.0,1745269200000,ok,0.0645,0.0645,0.0645,0.0,0.0645,2025-04-21 21:00:00,BTC-27MAR26-65000-P
0.0,1745272800000,ok,0.0645,0.0645,0.0645,0.0,0.0645,2025-04-21 22:00:00,BTC-27MAR26-65000-P
0.0,1745276400000,ok,0.0645,0.0645,0.0645,0.0,0.0645,2025-04-21 23:00:00,BTC-27MAR26-65000-P
0.0,1745280000000,ok,0.0645,0.0645,0.0645,0.0,0.0645,2025-04-22 00:00:00,BTC-27MAR26-65000-P
0.0,1745283600000,ok,0.0645,0.0645,0.0645,0.0,0.0645,2025-04-22 01:00:00,BTC-27MAR26-65000-P
0.0,1745287200000,ok,0.0645,0.0645,0.0645,0.0,0.0645,2025-04-22 02:00:00,BTC-27MAR26-65000-P
0.0,1745290800000,ok,0.0645,0.0645,0.0645,0.0,0.0645,2025-04-22 03:00:00,BTC-27MAR26-65000-P
0.0,1745294400000,ok,0.0645,0.0645,0.0645,0.0,0.0645,2025-04-22 04:00:00,BTC-27MAR26-65000-P
0.0,1745298000000,ok,0.0645,0.0645,0.0645,0.0,0.0645,2025-04-22 05:00:00,BTC-27MAR26-65000-P
0.0,1745301600000,ok,0.0645,0.0645,0.0645,0.0,0.0645,2025-04-22 06:00:00,BTC-27MAR26-65000-P
0.0,1745305200000,ok,0.0645,0.0645,0.0645,0.0,0.0645,2025-04-22 07:00:00,BTC-27MAR26-65000-P
0.0,1745308800000,ok,0.0645,0.0645,0.0645,0.0,0.0645,2025-04-22 08:00:00,BTC-27MAR26-65000-P
0.0,1745312400000,ok,0.0645,0.0645,0.0645,0.0,0.0645,2025-04-22 09:00:00,BTC-27MAR26-65000-P
0.0,1745316000000,ok,0.0645,0.0645,0.0645,0.0,0.0645,2025-04-22 10:00:00,BTC-27MAR26-65000-P
0.0,1745319600000,ok,0.0645,0.0645,0.0645,0.0,0.0645,2025-04-22 11:00:00,BTC-27MAR26-65000-P
0.7,1745323200000,ok,0.0615,0.0615,0.0615,0.04305,0.0615,2025-04-22 12:00:00,BTC-27MAR26-65000-P
0.0,1745326800000,ok,0.0615,0.0615,0.0615,0.0,0.0615,2025-04-22 13:00:00,BTC-27MAR26-65000-P
0.0,1745330400000,ok,0.0615,0.0615,0.0615,0.0,0.0615,2025-04-22 14:00:00,BTC-27MAR26-65000-P
0.0,1745334000000,ok,0.0615,0.0615,0.0615,0.0,0.0615,2025-04-22 15:00:00,BTC-27MAR26-65000-P
0.0,1745337600000,ok,0.0615,0.0615,0.0615,0.0,0.0615,2025-04-22 16:00:00,BTC-27MAR26-65000-P
0.5,1745341200000,ok,0.0555,0.0555,0.0555,0.02775,0.0555,2025-04-22 17:00:00,BTC-27MAR26-65000-P
0.0,1745344800000,ok,0.0555,0.0555,0.0555,0.0,0.0555,2025-04-22 18:00:00,BTC-27MAR26-65000-P
0.0,1745348400000,ok,0.0555,0.0555,0.0555,0.0,0.0555,2025-04-22 19:00:00,BTC-27MAR26-65000-P
0.0,1745352000000,ok,0.0555,0.0555,0.0555,0.0,0.0555,2025-04-22 20:00:00,BTC-27MAR26-65000-P
0.0,1745355600000,ok,0.0555,0.0555,0.0555,0.0,0.0555,2025-04-22 21:00:00,BTC-27MAR26-65000-P
0.0,1745359200000,ok,0.0555,0.0555,0.0555,0.0,0.0555,2025-04-22 22:00:00,BTC-27MAR26-65000-P
0.4,1745362800000,ok,0.0525,0.0525,0.0525,0.021,0.0525,2025-04-22 23:00:00,BTC-27MAR26-65000-P
0.0,1745366400000,ok,0.0525,0.0525,0.0525,0.0,0.0525,2025-04-23 00:00:00,BTC-27MAR26-65000-P
0.0,1745370000000,ok,0.0525,0.0525,0.0525,0.0,0.0525,2025-04-23 01:00:00,BTC-27MAR26-65000-P
0.0,1745373600000,ok,0.0525,0.0525,0.0525,0.0,0.0525,2025-04-23 02:00:00,BTC-27MAR26-65000-P
0.0,1745377200000,ok,0.0525,0.0525,0.0525,0.0,0.0525,2025-04-23 03:00:00,BTC-27MAR26-65000-P
0.0,1745380800000,ok,0.0525,0.0525,0.0525,0.0,0.0525,2025-04-23 04:00:00,BTC-27MAR26-65000-P
0.0,1745384400000,ok,0.0525,0.0525,0.0525,0.0,0.0525,2025-04-23 05:00:00,BTC-27MAR26-65000-P
0.0,1745388000000,ok,0.0525,0.0525,0.0525,0.0,0.0525,2025-04-23 06:00:00,BTC-27MAR26-65000-P
0.0,1745391600000,ok,0.0525,0.0525,0.0525,0.0,0.0525,2025-04-23 07:00:00,BTC-27MAR26-65000-P
0.0,1745395200000,ok,0.0525,0.0525,0.0525,0.0,0.0525,2025-04-23 08:00:00,BTC-27MAR26-65000-P
0.0,1745398800000,ok,0.0525,0.0525,0.0525,0.0,0.0525,2025-04-23 09:00:00,BTC-27MAR26-65000-P
0.0,1745402400000,ok,0.0525,0.0525,0.0525,0.0,0.0525,2025-04-23 10:00:00,BTC-27MAR26-65000-P
0.3,1745406000000,ok,0.052,0.052,0.052,0.0156,0.052,2025-04-23 11:00:00,BTC-27MAR26-65000-P
0.0,1745409600000,ok,0.052,0.052,0.052,0.0,0.052,2025-04-23 12:00:00,BTC-27MAR26-65000-P
0.0,1745413200000,ok,0.052,0.052,0.052,0.0,0.052,2025-04-23 13:00:00,BTC-27MAR26-65000-P
0.0,1745416800000,ok,0.052,0.052,0.052,0.0,0.052,2025-04-23 14:00:00,BTC-27MAR26-65000-P
0.1,1745420400000,ok,0.053,0.053,0.053,0.0053,0.053,2025-04-23 15:00:00,BTC-27MAR26-65000-P
0.0,1745424000000,ok,0.053,0.053,0.053,0.0,0.053,2025-04-23 16:00:00,BTC-27MAR26-65000-P
0.0,1745427600000,ok,0.053,0.053,0.053,0.0,0.053,2025-04-23 17:00:00,BTC-27MAR26-65000-P
0.0,1745431200000,ok,0.053,0.053,0.053,0.0,0.053,2025-04-23 18:00:00,BTC-27MAR26-65000-P
0.0,1745434800000,ok,0.053,0.053,0.053,0.0,0.053,2025-04-23 19:00:00,BTC-27MAR26-65000-P
0.0,1745438400000,ok,0.053,0.053,0.053,0.0,0.053,2025-04-23 20:00:00,BTC-27MAR26-65000-P
0.0,1745442000000,ok,0.053,0.053,0.053,0.0,0.053,2025-04-23 21:00:00,BTC-27MAR26-65000-P
0.0,1745445600000,ok,0.053,0.053,0.053,0.0,0.053,2025-04-23 22:00:00,BTC-27MAR26-65000-P
0.0,1745449200000,ok,0.053,0.053,0.053,0.0,0.053,2025-04-23 23:00:00,BTC-27MAR26-65000-P
0.0,1745452800000,ok,0.053,0.053,0.053,0.0,0.053,2025-04-24 00:00:00,BTC-27MAR26-65000-P
0.0,1745456400000,ok,0.053,0.053,0.053,0.0,0.053,2025-04-24 01:00:00,BTC-27MAR26-65000-P
0.0,1745460000000,ok,0.053,0.053,0.053,0.0,0.053,2025-04-24 02:00:00,BTC-27MAR26-65000-P
0.0,1745463600000,ok,0.053,0.053,0.053,0.0,0.053,2025-04-24 03:00:00,BTC-27MAR26-65000-P
0.0,1745467200000,ok,0.053,0.053,0.053,0.0,0.053,2025-04-24 04:00:00,BTC-27MAR26-65000-P
0.0,1745470800000,ok,0.053,0.053,0.053,0.0,0.053,2025-04-24 05:00:00,BTC-27MAR26-65000-P
0.0,1745474400000,ok,0.053,0.053,0.053,0.0,0.053,2025-04-24 06:00:00,BTC-27MAR26-65000-P
0.0,1745478000000,ok,0.053,0.053,0.053,0.0,0.053,2025-04-24 07:00:00,BTC-27MAR26-65000-P
0.0,1745481600000,ok,0.053,0.053,0.053,0.0,0.053,2025-04-24 08:00:00,BTC-27MAR26-65000-P
0.0,1745485200000,ok,0.053,0.053,0.053,0.0,0.053,2025-04-24 09:00:00,BTC-27MAR26-65000-P
0.0,1745488800000,ok,0.053,0.053,0.053,0.0,0.053,2025-04-24 10:00:00,BTC-27MAR26-65000-P
0.0,1745492400000,ok,0.053,0.053,0.053,0.0,0.053,2025-04-24 11:00:00,BTC-27MAR26-65000-P
0.0,1745496000000,ok,0.053,0.053,0.053,0.0,0.053,2025-04-24 12:00:00,BTC-27MAR26-65000-P
0.0,1745499600000,ok,0.053,0.053,0.053,0.0,0.053,2025-04-24 13:00:00,BTC-27MAR26-65000-P
0.0,1745503200000,ok,0.053,0.053,0.053,0.0,0.053,2025-04-24 14:00:00,BTC-27MAR26-65000-P
0.0,1745506800000,ok,0.053,0.053,0.053,0.0,0.053,2025-04-24 15:00:00,BTC-27MAR26-65000-P
0.1,1745510400000,ok,0.0485,0.0485,0.0485,0.00485,0.0485,2025-04-24 16:00:00,BTC-27MAR26-65000-P
0.0,1745514000000,ok,0.0485,0.0485,0.0485,0.0,0.0485,2025-04-24 17:00:00,BTC-27MAR26-65000-P
0.0,1745517600000,ok,0.0485,0.0485,0.0485,0.0,0.0485,2025-04-24 18:00:00,BTC-27MAR26-65000-P
0.0,1745521200000,ok,0.0485,0.0485,0.0485,0.0,0.0485,2025-04-24 19:00:00,BTC-27MAR26-65000-P
0.0,1745524800000,ok,0.0485,0.0485,0.0485,0.0,0.0485,2025-04-24 20:00:00,BTC-27MAR26-65000-P
0.0,1745528400000,ok,0.0485,0.0485,0.0485,0.0,0.0485,2025-04-24 21:00:00,BTC-27MAR26-65000-P
0.0,1745532000000,ok,0.0485,0.0485,0.0485,0.0,0.0485,2025-04-24 22:00:00,BTC-27MAR26-65000-P
0.0,1745535600000,ok,0.0485,0.0485,0.0485,0.0,0.0485,2025-04-24 23:00:00,BTC-27MAR26-65000-P
0.0,1745539200000,ok,0.0485,0.0485,0.0485,0.0,0.0485,2025-04-25 00:00:00,BTC-27MAR26-65000-P
0.0,1745542800000,ok,0.0485,0.0485,0.0485,0.0,0.0485,2025-04-25 01:00:00,BTC-27MAR26-65000-P
0.0,1745546400000,ok,0.0485,0.0485,0.0485,0.0,0.0485,2025-04-25 02:00:00,BTC-27MAR26-65000-P
0.0,1745550000000,ok,0.0485,0.0485,0.0485,0.0,0.0485,2025-04-25 03:00:00,BTC-27MAR26-65000-P
0.0,1745553600000,ok,0.0485,0.0485,0.0485,0.0,0.0485,2025-04-25 04:00:00,BTC-27MAR26-65000-P
0.0,1745557200000,ok,0.0485,0.0485,0.0485,0.0,0.0485,2025-04-25 05:00:00,BTC-27MAR26-65000-P
0.1,1745560800000,ok,0.0465,0.0465,0.0465,0.00465,0.0465,2025-04-25 06:00:00,BTC-27MAR26-65000-P
0.0,1745564400000,ok,0.0465,0.0465,0.0465,0.0,0.0465,2025-04-25 07:00:00,BTC-27MAR26-65000-P
0.0,1745568000000,ok,0.0465,0.0465,0.0465,0.0,0.0465,2025-04-25 08:00:00,BTC-27MAR26-65000-P
0.0,1745571600000,ok,0.0465,0.0465,0.0465,0.0,0.0465,2025-04-25 09:00:00,BTC-27MAR26-65000-P
0.0,1745575200000,ok,0.0465,0.0465,0.0465,0.0,0.0465,2025-04-25 10:00:00,BTC-27MAR26-65000-P
0.0,1745578800000,ok,0.0465,0.0465,0.0465,0.0,0.0465,2025-04-25 11:00:00,BTC-27MAR26-65000-P
0.0,1745582400000,ok,0.0465,0.0465,0.0465,0.0,0.0465,2025-04-25 12:00:00,BTC-27MAR26-65000-P
0.0,1745586000000,ok,0.0465,0.0465,0.0465,0.0,0.0465,2025-04-25 13:00:00,BTC-27MAR26-65000-P
0.0,1745589600000,ok,0.0465,0.0465,0.0465,0.0,0.0465,2025-04-25 14:00:00,BTC-27MAR26-65000-P
0.0,1745593200000,ok,0.0465,0.0465,0.0465,0.0,0.0465,2025-04-25 15:00:00,BTC-27MAR26-65000-P
0.0,1745596800000,ok,0.0465,0.0465,0.0465,0.0,0.0465,2025-04-25 16:00:00,BTC-27MAR26-65000-P
0.0,1745600400000,ok,0.0465,0.0465,0.0465,0.0,0.0465,2025-04-25 17:00:00,BTC-27MAR26-65000-P
0.0,1745604000000,ok,0.0465,0.0465,0.0465,0.0,0.0465,2025-04-25 18:00:00,BTC-27MAR26-65000-P
0.0,1745607600000,ok,0.0465,0.0465,0.0465,0.0,0.0465,2025-04-25 19:00:00,BTC-27MAR26-65000-P
0.0,1745611200000,ok,0.0465,0.0465,0.0465,0.0,0.0465,2025-04-25 20:00:00,BTC-27MAR26-65000-P
0.0,1745614800000,ok,0.0465,0.0465,0.0465,0.0,0.0465,2025-04-25 21:00:00,BTC-27MAR26-65000-P
0.0,1745618400000,ok,0.0465,0.0465,0.0465,0.0,0.0465,2025-04-25 22:00:00,BTC-27MAR26-65000-P
0.0,1745622000000,ok,0.0465,0.0465,0.0465,0.0,0.0465,2025-04-25 23:00:00,BTC-27MAR26-65000-P
0.0,1745625600000,ok,0.0465,0.0465,0.0465,0.0,0.0465,2025-04-26 00:00:00,BTC-27MAR26-65000-P
0.0,1745629200000,ok,0.0465,0.0465,0.0465,0.0,0.0465,2025-04-26 01:00:00,BTC-27MAR26-65000-P
0.0,1745632800000,ok,0.0465,0.0465,0.0465,0.0,0.0465,2025-04-26 02:00:00,BTC-27MAR26-65000-P
0.0,1745636400000,ok,0.0465,0.0465,0.0465,0.0,0.0465,2025-04-26 03:00:00,BTC-27MAR26-65000-P
0.0,1745640000000,ok,0.0465,0.0465,0.0465,0.0,0.0465,2025-04-26 04:00:00,BTC-27MAR26-65000-P
0.0,1745643600000,ok,0.0465,0.0465,0.0465,0.0,0.0465,2025-04-26 05:00:00,BTC-27MAR26-65000-P
0.0,1745647200000,ok,0.0465,0.0465,0.0465,0.0,0.0465,2025-04-26 06:00:00,BTC-27MAR26-65000-P
0.0,1745650800000,ok,0.0465,0.0465,0.0465,0.0,0.0465,2025-04-26 07:00:00,BTC-27MAR26-65000-P
0.0,1745654400000,ok,0.0465,0.0465,0.0465,0.0,0.0465,2025-04-26 08:00:00,BTC-27MAR26-65000-P
0.0,1745658000000,ok,0.0465,0.0465,0.0465,0.0,0.0465,2025-04-26 09:00:00,BTC-27MAR26-65000-P
0.0,1745661600000,ok,0.0465,0.0465,0.0465,0.0,0.0465,2025-04-26 10:00:00,BTC-27MAR26-65000-P
0.0,1745665200000,ok,0.0465,0.0465,0.0465,0.0,0.0465,2025-04-26 11:00:00,BTC-27MAR26-65000-P
0.0,1745668800000,ok,0.0465,0.0465,0.0465,0.0,0.0465,2025-04-26 12:00:00,BTC-27MAR26-65000-P
0.0,1745672400000,ok,0.0465,0.0465,0.0465,0.0,0.0465,2025-04-26 13:00:00,BTC-27MAR26-65000-P
0.0,1745676000000,ok,0.0465,0.0465,0.0465,0.0,0.0465,2025-04-26 14:00:00,BTC-27MAR26-65000-P
0.0,1745679600000,ok,0.0465,0.0465,0.0465,0.0,0.0465,2025-04-26 15:00:00,BTC-27MAR26-65000-P
0.0,1745683200000,ok,0.0465,0.0465,0.0465,0.0,0.0465,2025-04-26 16:00:00,BTC-27MAR26-65000-P
0.0,1745686800000,ok,0.0465,0.0465,0.0465,0.0,0.0465,2025-04-26 17:00:00,BTC-27MAR26-65000-P
0.0,1745690400000,ok,0.0465,0.0465,0.0465,0.0,0.0465,2025-04-26 18:00:00,BTC-27MAR26-65000-P
0.0,1745694000000,ok,0.0465,0.0465,0.0465,0.0,0.0465,2025-04-26 19:00:00,BTC-27MAR26-65000-P
0.0,1745697600000,ok,0.0465,0.0465,0.0465,0.0,0.0465,2025-04-26 20:00:00,BTC-27MAR26-65000-P
0.0,1745701200000,ok,0.0465,0.0465,0.0465,0.0,0.0465,2025-04-26 21:00:00,BTC-27MAR26-65000-P
0.0,1745704800000,ok,0.0465,0.0465,0.0465,0.0,0.0465,2025-04-26 22:00:00,BTC-27MAR26-65000-P
0.0,1745708400000,ok,0.0465,0.0465,0.0465,0.0,0.0465,2025-04-26 23:00:00,BTC-27MAR26-65000-P
0.0,1745712000000,ok,0.0465,0.0465,0.0465,0.0,0.0465,2025-04-27 00:00:00,BTC-27MAR26-65000-P
0.0,1745715600000,ok,0.0465,0.0465,0.0465,0.0,0.0465,2025-04-27 01:00:00,BTC-27MAR26-65000-P
0.0,1745719200000,ok,0.0465,0.0465,0.0465,0.0,0.0465,2025-04-27 02:00:00,BTC-27MAR26-65000-P
0.0,1745722800000,ok,0.0465,0.0465,0.0465,0.0,0.0465,2025-04-27 03:00:00,BTC-27MAR26-65000-P
0.0,1745726400000,ok,0.0465,0.0465,0.0465,0.0,0.0465,2025-04-27 04:00:00,BTC-27MAR26-65000-P
0.0,1745730000000,ok,0.0465,0.0465,0.0465,0.0,0.0465,2025-04-27 05:00:00,BTC-27MAR26-65000-P
0.0,1745733600000,ok,0.0465,0.0465,0.0465,0.0,0.0465,2025-04-27 06:00:00,BTC-27MAR26-65000-P
0.0,1745737200000,ok,0.0465,0.0465,0.0465,0.0,0.0465,2025-04-27 07:00:00,BTC-27MAR26-65000-P
0.0,1745740800000,ok,0.0465,0.0465,0.0465,0.0,0.0465,2025-04-27 08:00:00,BTC-27MAR26-65000-P
0.0,1745744400000,ok,0.0465,0.0465,0.0465,0.0,0.0465,2025-04-27 09:00:00,BTC-27MAR26-65000-P
0.0,1745748000000,ok,0.0465,0.0465,0.0465,0.0,0.0465,2025-04-27 10:00:00,BTC-27MAR26-65000-P
0.0,1745751600000,ok,0.0465,0.0465,0.0465,0.0,0.0465,2025-04-27 11:00:00,BTC-27MAR26-65000-P
0.0,1745755200000,ok,0.0465,0.0465,0.0465,0.0,0.0465,2025-04-27 12:00:00,BTC-27MAR26-65000-P
0.0,1745758800000,ok,0.0465,0.0465,0.0465,0.0,0.0465,2025-04-27 13:00:00,BTC-27MAR26-65000-P
0.0,1745762400000,ok,0.0465,0.0465,0.0465,0.0,0.0465,2025-04-27 14:00:00,BTC-27MAR26-65000-P
0.0,1745766000000,ok,0.0465,0.0465,0.0465,0.0,0.0465,2025-04-27 15:00:00,BTC-27MAR26-65000-P
0.0,1745769600000,ok,0.0465,0.0465,0.0465,0.0,0.0465,2025-04-27 16:00:00,BTC-27MAR26-65000-P
0.0,1745773200000,ok,0.0465,0.0465,0.0465,0.0,0.0465,2025-04-27 17:00:00,BTC-27MAR26-65000-P
0.0,1745776800000,ok,0.0465,0.0465,0.0465,0.0,0.0465,2025-04-27 18:00:00,BTC-27MAR26-65000-P
0.0,1745780400000,ok,0.0465,0.0465,0.0465,0.0,0.0465,2025-04-27 19:00:00,BTC-27MAR26-65000-P
0.0,1745784000000,ok,0.0465,0.0465,0.0465,0.0,0.0465,2025-04-27 20:00:00,BTC-27MAR26-65000-P
5.0,1745787600000,ok,0.046,0.046,0.046,0.23,0.046,2025-04-27 21:00:00,BTC-27MAR26-65000-P
0.0,1745791200000,ok,0.046,0.046,0.046,0.0,0.046,2025-04-27 22:00:00,BTC-27MAR26-65000-P
0.0,1745794800000,ok,0.046,0.046,0.046,0.0,0.046,2025-04-27 23:00:00,BTC-27MAR26-65000-P
0.0,1745798400000,ok,0.046,0.046,0.046,0.0,0.046,2025-04-28 00:00:00,BTC-27MAR26-65000-P
0.0,1745802000000,ok,0.046,0.046,0.046,0.0,0.046,2025-04-28 01:00:00,BTC-27MAR26-65000-P
0.0,1745805600000,ok,0.046,0.046,0.046,0.0,0.046,2025-04-28 02:00:00,BTC-27MAR26-65000-P
0.0,1745809200000,ok,0.046,0.046,0.046,0.0,0.046,2025-04-28 03:00:00,BTC-27MAR26-65000-P
0.0,1745812800000,ok,0.046,0.046,0.046,0.0,0.046,2025-04-28 04:00:00,BTC-27MAR26-65000-P
0.0,1745816400000,ok,0.046,0.046,0.046,0.0,0.046,2025-04-28 05:00:00,BTC-27MAR26-65000-P
0.0,1745820000000,ok,0.046,0.046,0.046,0.0,0.046,2025-04-28 06:00:00,BTC-27MAR26-65000-P
0.0,1745823600000,ok,0.046,0.046,0.046,0.0,0.046,2025-04-28 07:00:00,BTC-27MAR26-65000-P
0.0,1745827200000,ok,0.046,0.046,0.046,0.0,0.046,2025-04-28 08:00:00,BTC-27MAR26-65000-P
0.0,1745830800000,ok,0.046,0.046,0.046,0.0,0.046,2025-04-28 09:00:00,BTC-27MAR26-65000-P
0.0,1745834400000,ok,0.046,0.046,0.046,0.0,0.046,2025-04-28 10:00:00,BTC-27MAR26-65000-P
0.0,1745838000000,ok,0.046,0.046,0.046,0.0,0.046,2025-04-28 11:00:00,BTC-27MAR26-65000-P
0.0,1745841600000,ok,0.046,0.046,0.046,0.0,0.046,2025-04-28 12:00:00,BTC-27MAR26-65000-P
0.0,1745845200000,ok,0.046,0.046,0.046,0.0,0.046,2025-04-28 13:00:00,BTC-27MAR26-65000-P
0.0,1745848800000,ok,0.046,0.046,0.046,0.0,0.046,2025-04-28 14:00:00,BTC-27MAR26-65000-P
0.0,1745852400000,ok,0.046,0.046,0.046,0.0,0.046,2025-04-28 15:00:00,BTC-27MAR26-65000-P
0.0,1745856000000,ok,0.046,0.046,0.046,0.0,0.046,2025-04-28 16:00:00,BTC-27MAR26-65000-P
0.0,1745859600000,ok,0.046,0.046,0.046,0.0,0.046,2025-04-28 17:00:00,BTC-27MAR26-65000-P
0.0,1745863200000,ok,0.046,0.046,0.046,0.0,0.046,2025-04-28 18:00:00,BTC-27MAR26-65000-P
0.0,1745866800000,ok,0.046,0.046,0.046,0.0,0.046,2025-04-28 19:00:00,BTC-27MAR26-65000-P
0.0,1745870400000,ok,0.046,0.046,0.046,0.0,0.046,2025-04-28 20:00:00,BTC-27MAR26-65000-P
0.0,1745874000000,ok,0.046,0.046,0.046,0.0,0.046,2025-04-28 21:00:00,BTC-27MAR26-65000-P
0.0,1745877600000,ok,0.046,0.046,0.046,0.0,0.046,2025-04-28 22:00:00,BTC-27MAR26-65000-P
0.0,1745881200000,ok,0.046,0.046,0.046,0.0,0.046,2025-04-28 23:00:00,BTC-27MAR26-65000-P
0.0,1745884800000,ok,0.046,0.046,0.046,0.0,0.046,2025-04-29 00:00:00,BTC-27MAR26-65000-P
0.0,1745888400000,ok,0.046,0.046,0.046,0.0,0.046,2025-04-29 01:00:00,BTC-27MAR26-65000-P
0.0,1745892000000,ok,0.046,0.046,0.046,0.0,0.046,2025-04-29 02:00:00,BTC-27MAR26-65000-P
0.0,1745895600000,ok,0.046,0.046,0.046,0.0,0.046,2025-04-29 03:00:00,BTC-27MAR26-65000-P
0.0,1745899200000,ok,0.046,0.046,0.046,0.0,0.046,2025-04-29 04:00:00,BTC-27MAR26-65000-P
0.0,1745902800000,ok,0.046,0.046,0.046,0.0,0.046,2025-04-29 05:00:00,BTC-27MAR26-65000-P
0.0,1745906400000,ok,0.046,0.046,0.046,0.0,0.046,2025-04-29 06:00:00,BTC-27MAR26-65000-P
0.0,1745910000000,ok,0.046,0.046,0.046,0.0,0.046,2025-04-29 07:00:00,BTC-27MAR26-65000-P
0.0,1745913600000,ok,0.046,0.046,0.046,0.0,0.046,2025-04-29 08:00:00,BTC-27MAR26-65000-P
0.0,1745917200000,ok,0.046,0.046,0.046,0.0,0.046,2025-04-29 09:00:00,BTC-27MAR26-65000-P
0.0,1745920800000,ok,0.046,0.046,0.046,0.0,0.046,2025-04-29 10:00:00,BTC-27MAR26-65000-P
0.0,1745924400000,ok,0.046,0.046,0.046,0.0,0.046,2025-04-29 11:00:00,BTC-27MAR26-65000-P
0.0,1745928000000,ok,0.046,0.046,0.046,0.0,0.046,2025-04-29 12:00:00,BTC-27MAR26-65000-P
0.0,1745931600000,ok,0.046,0.046,0.046,0.0,0.046,2025-04-29 13:00:00,BTC-27MAR26-65000-P
0.0,1745935200000,ok,0.046,0.046,0.046,0.0,0.046,2025-04-29 14:00:00,BTC-27MAR26-65000-P
0.0,1745938800000,ok,0.046,0.046,0.046,0.0,0.046,2025-04-29 15:00:00,BTC-27MAR26-65000-P
0.0,1745942400000,ok,0.046,0.046,0.046,0.0,0.046,2025-04-29 16:00:00,BTC-27MAR26-65000-P
0.0,1745946000000,ok,0.046,0.046,0.046,0.0,0.046,2025-04-29 17:00:00,BTC-27MAR26-65000-P
0.0,1745949600000,ok,0.046,0.046,0.046,0.0,0.046,2025-04-29 18:00:00,BTC-27MAR26-65000-P
0.0,1745953200000,ok,0.046,0.046,0.046,0.0,0.046,2025-04-29 19:00:00,BTC-27MAR26-65000-P
0.1,1745956800000,ok,0.0445,0.0445,0.0445,0.00445,0.0445,2025-04-29 20:00:00,BTC-27MAR26-65000-P
0.0,1745960400000,ok,0.0445,0.0445,0.0445,0.0,0.0445,2025-04-29 21:00:00,BTC-27MAR26-65000-P
0.0,1745964000000,ok,0.0445,0.0445,0.0445,0.0,0.0445,2025-04-29 22:00:00,BTC-27MAR26-65000-P
0.0,1745967600000,ok,0.0445,0.0445,0.0445,0.0,0.0445,2025-04-29 23:00:00,BTC-27MAR26-65000-P
0.0,1745971200000,ok,0.0445,0.0445,0.0445,0.0,0.0445,2025-04-30 00:00:00,BTC-27MAR26-65000-P
0.0,1745974800000,ok,0.0445,0.0445,0.0445,0.0,0.0445,2025-04-30 01:00:00,BTC-27MAR26-65000-P
0.0,1745978400000,ok,0.0445,0.0445,0.0445,0.0,0.0445,2025-04-30 02:00:00,BTC-27MAR26-65000-P
0.0,1745982000000,ok,0.0445,0.0445,0.0445,0.0,0.0445,2025-04-30 03:00:00,BTC-27MAR26-65000-P
0.0,1745985600000,ok,0.0445,0.0445,0.0445,0.0,0.0445,2025-04-30 04:00:00,BTC-27MAR26-65000-P
0.0,1745989200000,ok,0.0445,0.0445,0.0445,0.0,0.0445,2025-04-30 05:00:00,BTC-27MAR26-65000-P
0.0,1745992800000,ok,0.0445,0.0445,0.0445,0.0,0.0445,2025-04-30 06:00:00,BTC-27MAR26-65000-P
0.0,1745996400000,ok,0.0445,0.0445,0.0445,0.0,0.0445,2025-04-30 07:00:00,BTC-27MAR26-65000-P
0.0,1746000000000,ok,0.0445,0.0445,0.0445,0.0,0.0445,2025-04-30 08:00:00,BTC-27MAR26-65000-P
0.0,1746003600000,ok,0.0445,0.0445,0.0445,0.0,0.0445,2025-04-30 09:00:00,BTC-27MAR26-65000-P
0.0,1746007200000,ok,0.0445,0.0445,0.0445,0.0,0.0445,2025-04-30 10:00:00,BTC-27MAR26-65000-P
0.0,1746010800000,ok,0.0445,0.0445,0.0445,0.0,0.0445,2025-04-30 11:00:00,BTC-27MAR26-65000-P
0.0,1746014400000,ok,0.0445,0.0445,0.0445,0.0,0.0445,2025-04-30 12:00:00,BTC-27MAR26-65000-P
0.1,1746018000000,ok,0.046,0.046,0.046,0.0046,0.046,2025-04-30 13:00:00,BTC-27MAR26-65000-P
0.0,1746021600000,ok,0.046,0.046,0.046,0.0,0.046,2025-04-30 14:00:00,BTC-27MAR26-65000-P
0.0,1746025200000,ok,0.046,0.046,0.046,0.0,0.046,2025-04-30 15:00:00,BTC-27MAR26-65000-P
0.0,1746028800000,ok,0.046,0.046,0.046,0.0,0.046,2025-04-30 16:00:00,BTC-27MAR26-65000-P
0.0,1746032400000,ok,0.046,0.046,0.046,0.0,0.046,2025-04-30 17:00:00,BTC-27MAR26-65000-P
0.0,1746036000000,ok,0.046,0.046,0.046,0.0,0.046,2025-04-30 18:00:00,BTC-27MAR26-65000-P
7.0,1746039600000,ok,0.045,0.045,0.045,0.315,0.045,2025-04-30 19:00:00,BTC-27MAR26-65000-P
0.0,1746043200000,ok,0.045,0.045,0.045,0.0,0.045,2025-04-30 20:00:00,BTC-27MAR26-65000-P
0.0,1746046800000,ok,0.045,0.045,0.045,0.0,0.045,2025-04-30 21:00:00,BTC-27MAR26-65000-P
10.9,1746050400000,ok,0.044,0.044,0.044,0.4796,0.044,2025-04-30 22:00:00,BTC-27MAR26-65000-P
0.0,1746054000000,ok,0.044,0.044,0.044,0.0,0.044,2025-04-30 23:00:00,BTC-27MAR26-65000-P
0.0,1746057600000,ok,0.044,0.044,0.044,0.0,0.044,2025-05-01 00:00:00,BTC-27MAR26-65000-P
0.0,1746061200000,ok,0.044,0.044,0.044,0.0,0.044,2025-05-01 01:00:00,BTC-27MAR26-65000-P
0.0,1746064800000,ok,0.044,0.044,0.044,0.0,0.044,2025-05-01 02:00:00,BTC-27MAR26-65000-P
0.0,1746068400000,ok,0.044,0.044,0.044,0.0,0.044,2025-05-01 03:00:00,BTC-27MAR26-65000-P
0.0,1746072000000,ok,0.044,0.044,0.044,0.0,0.044,2025-05-01 04:00:00,BTC-27MAR26-65000-P
0.0,1746075600000,ok,0.044,0.044,0.044,0.0,0.044,2025-05-01 05:00:00,BTC-27MAR26-65000-P
0.0,1746079200000,ok,0.044,0.044,0.044,0.0,0.044,2025-05-01 06:00:00,BTC-27MAR26-65000-P
0.0,1746082800000,ok,0.044,0.044,0.044,0.0,0.044,2025-05-01 07:00:00,BTC-27MAR26-65000-P
0.0,1746086400000,ok,0.044,0.044,0.044,0.0,0.044,2025-05-01 08:00:00,BTC-27MAR26-65000-P
0.0,1746090000000,ok,0.044,0.044,0.044,0.0,0.044,2025-05-01 09:00:00,BTC-27MAR26-65000-P
0.0,1746093600000,ok,0.044,0.044,0.044,0.0,0.044,2025-05-01 10:00:00,BTC-27MAR26-65000-P
0.0,1746097200000,ok,0.044,0.044,0.044,0.0,0.044,2025-05-01 11:00:00,BTC-27MAR26-65000-P
0.0,1746100800000,ok,0.044,0.044,0.044,0.0,0.044,2025-05-01 12:00:00,BTC-27MAR26-65000-P
0.0,1746104400000,ok,0.044,0.044,0.044,0.0,0.044,2025-05-01 13:00:00,BTC-27MAR26-65000-P
0.0,1746108000000,ok,0.044,0.044,0.044,0.0,0.044,2025-05-01 14:00:00,BTC-27MAR26-65000-P
0.0,1746111600000,ok,0.044,0.044,0.044,0.0,0.044,2025-05-01 15:00:00,BTC-27MAR26-65000-P
0.0,1746115200000,ok,0.044,0.044,0.044,0.0,0.044,2025-05-01 16:00:00,BTC-27MAR26-65000-P
0.0,1746118800000,ok,0.044,0.044,0.044,0.0,0.044,2025-05-01 17:00:00,BTC-27MAR26-65000-P
0.0,1746122400000,ok,0.044,0.044,0.044,0.0,0.044,2025-05-01 18:00:00,BTC-27MAR26-65000-P
0.0,1746126000000,ok,0.044,0.044,0.044,0.0,0.044,2025-05-01 19:00:00,BTC-27MAR26-65000-P
0.0,1746129600000,ok,0.044,0.044,0.044,0.0,0.044,2025-05-01 20:00:00,BTC-27MAR26-65000-P
0.0,1746133200000,ok,0.044,0.044,0.044,0.0,0.044,2025-05-01 21:00:00,BTC-27MAR26-65000-P
0.0,1746136800000,ok,0.044,0.044,0.044,0.0,0.044,2025-05-01 22:00:00,BTC-27MAR26-65000-P
0.0,1746140400000,ok,0.044,0.044,0.044,0.0,0.044,2025-05-01 23:00:00,BTC-27MAR26-65000-P
0.0,1746144000000,ok,0.044,0.044,0.044,0.0,0.044,2025-05-02 00:00:00,BTC-27MAR26-65000-P
0.0,1746147600000,ok,0.044,0.044,0.044,0.0,0.044,2025-05-02 01:00:00,BTC-27MAR26-65000-P
0.0,1746151200000,ok,0.044,0.044,0.044,0.0,0.044,2025-05-02 02:00:00,BTC-27MAR26-65000-P
0.0,1746154800000,ok,0.044,0.044,0.044,0.0,0.044,2025-05-02 03:00:00,BTC-27MAR26-65000-P
0.0,1746158400000,ok,0.044,0.044,0.044,0.0,0.044,2025-05-02 04:00:00,BTC-27MAR26-65000-P
0.0,1746162000000,ok,0.044,0.044,0.044,0.0,0.044,2025-05-02 05:00:00,BTC-27MAR26-65000-P
0.0,1746165600000,ok,0.044,0.044,0.044,0.0,0.044,2025-05-02 06:00:00,BTC-27MAR26-65000-P
0.0,1746169200000,ok,0.044,0.044,0.044,0.0,0.044,2025-05-02 07:00:00,BTC-27MAR26-65000-P
1.5,1746172800000,ok,0.0415,0.0415,0.0415,0.06225,0.0415,2025-05-02 08:00:00,BTC-27MAR26-65000-P
0.0,1746176400000,ok,0.0415,0.0415,0.0415,0.0,0.0415,2025-05-02 09:00:00,BTC-27MAR26-65000-P
0.0,1746180000000,ok,0.0415,0.0415,0.0415,0.0,0.0415,2025-05-02 10:00:00,BTC-27MAR26-65000-P
0.0,1746183600000,ok,0.0415,0.0415,0.0415,0.0,0.0415,2025-05-02 11:00:00,BTC-27MAR26-65000-P
0.0,1746187200000,ok,0.0415,0.0415,0.0415,0.0,0.0415,2025-05-02 12:00:00,BTC-27MAR26-65000-P
0.0,1746190800000,ok,0.0415,0.0415,0.0415,0.0,0.0415,2025-05-02 13:00:00,BTC-27MAR26-65000-P
0.0,1746194400000,ok,0.0415,0.0415,0.0415,0.0,0.0415,2025-05-02 14:00:00,BTC-27MAR26-65000-P
0.0,1746198000000,ok,0.0415,0.0415,0.0415,0.0,0.0415,2025-05-02 15:00:00,BTC-27MAR26-65000-P
0.0,1746201600000,ok,0.0415,0.0415,0.0415,0.0,0.0415,2025-05-02 16:00:00,BTC-27MAR26-65000-P
0.0,1746205200000,ok,0.0415,0.0415,0.0415,0.0,0.0415,2025-05-02 17:00:00,BTC-27MAR26-65000-P
0.0,1746208800000,ok,0.0415,0.0415,0.0415,0.0,0.0415,2025-05-02 18:00:00,BTC-27MAR26-65000-P
0.0,1746212400000,ok,0.0415,0.0415,0.0415,0.0,0.0415,2025-05-02 19:00:00,BTC-27MAR26-65000-P
0.0,1746216000000,ok,0.0415,0.0415,0.0415,0.0,0.0415,2025-05-02 20:00:00,BTC-27MAR26-65000-P
0.0,1746219600000,ok,0.0415,0.0415,0.0415,0.0,0.0415,2025-05-02 21:00:00,BTC-27MAR26-65000-P
0.0,1746223200000,ok,0.0415,0.0415,0.0415,0.0,0.0415,2025-05-02 22:00:00,BTC-27MAR26-65000-P
0.0,1746226800000,ok,0.0415,0.0415,0.0415,0.0,0.0415,2025-05-02 23:00:00,BTC-27MAR26-65000-P
0.0,1746230400000,ok,0.0415,0.0415,0.0415,0.0,0.0415,2025-05-03 00:00:00,BTC-27MAR26-65000-P
0.0,1746234000000,ok,0.0415,0.0415,0.0415,0.0,0.0415,2025-05-03 01:00:00,BTC-27MAR26-65000-P
0.0,1746237600000,ok,0.0415,0.0415,0.0415,0.0,0.0415,2025-05-03 02:00:00,BTC-27MAR26-65000-P
0.0,1746241200000,ok,0.0415,0.0415,0.0415,0.0,0.0415,2025-05-03 03:00:00,BTC-27MAR26-65000-P
0.0,1746244800000,ok,0.0415,0.0415,0.0415,0.0,0.0415,2025-05-03 04:00:00,BTC-27MAR26-65000-P
0.0,1746248400000,ok,0.0415,0.0415,0.0415,0.0,0.0415,2025-05-03 05:00:00,BTC-27MAR26-65000-P
0.0,1746252000000,ok,0.0415,0.0415,0.0415,0.0,0.0415,2025-05-03 06:00:00,BTC-27MAR26-65000-P
0.0,1746255600000,ok,0.0415,0.0415,0.0415,0.0,0.0415,2025-05-03 07:00:00,BTC-27MAR26-65000-P
0.0,1746259200000,ok,0.0415,0.0415,0.0415,0.0,0.0415,2025-05-03 08:00:00,BTC-27MAR26-65000-P
0.0,1746262800000,ok,0.0415,0.0415,0.0415,0.0,0.0415,2025-05-03 09:00:00,BTC-27MAR26-65000-P
0.0,1746266400000,ok,0.0415,0.0415,0.0415,0.0,0.0415,2025-05-03 10:00:00,BTC-27MAR26-65000-P
0.0,1746270000000,ok,0.0415,0.0415,0.0415,0.0,0.0415,2025-05-03 11:00:00,BTC-27MAR26-65000-P
0.0,1746273600000,ok,0.0415,0.0415,0.0415,0.0,0.0415,2025-05-03 12:00:00,BTC-27MAR26-65000-P
0.0,1746277200000,ok,0.0415,0.0415,0.0415,0.0,0.0415,2025-05-03 13:00:00,BTC-27MAR26-65000-P
0.0,1746280800000,ok,0.0415,0.0415,0.0415,0.0,0.0415,2025-05-03 14:00:00,BTC-27MAR26-65000-P
0.0,1746284400000,ok,0.0415,0.0415,0.0415,0.0,0.0415,2025-05-03 15:00:00,BTC-27MAR26-65000-P
0.0,1746288000000,ok,0.0415,0.0415,0.0415,0.0,0.0415,2025-05-03 16:00:00,BTC-27MAR26-65000-P
0.0,1746291600000,ok,0.0415,0.0415,0.0415,0.0,0.0415,2025-05-03 17:00:00,BTC-27MAR26-65000-P
0.0,1746295200000,ok,0.0415,0.0415,0.0415,0.0,0.0415,2025-05-03 18:00:00,BTC-27MAR26-65000-P
0.0,1746298800000,ok,0.0415,0.0415,0.0415,0.0,0.0415,2025-05-03 19:00:00,BTC-27MAR26-65000-P
0.0,1746302400000,ok,0.0415,0.0415,0.0415,0.0,0.0415,2025-05-03 20:00:00,BTC-27MAR26-65000-P
0.0,1746306000000,ok,0.0415,0.0415,0.0415,0.0,0.0415,2025-05-03 21:00:00,BTC-27MAR26-65000-P
0.0,1746309600000,ok,0.0415,0.0415,0.0415,0.0,0.0415,2025-05-03 22:00:00,BTC-27MAR26-65000-P
0.0,1746313200000,ok,0.0415,0.0415,0.0415,0.0,0.0415,2025-05-03 23:00:00,BTC-27MAR26-65000-P
0.0,1746316800000,ok,0.0415,0.0415,0.0415,0.0,0.0415,2025-05-04 00:00:00,BTC-27MAR26-65000-P
0.0,1746320400000,ok,0.0415,0.0415,0.0415,0.0,0.0415,2025-05-04 01:00:00,BTC-27MAR26-65000-P
0.0,1746324000000,ok,0.0415,0.0415,0.0415,0.0,0.0415,2025-05-04 02:00:00,BTC-27MAR26-65000-P
0.0,1746327600000,ok,0.0415,0.0415,0.0415,0.0,0.0415,2025-05-04 03:00:00,BTC-27MAR26-65000-P
0.0,1746331200000,ok,0.0415,0.0415,0.0415,0.0,0.0415,2025-05-04 04:00:00,BTC-27MAR26-65000-P
0.0,1746334800000,ok,0.0415,0.0415,0.0415,0.0,0.0415,2025-05-04 05:00:00,BTC-27MAR26-65000-P
0.0,1746338400000,ok,0.0415,0.0415,0.0415,0.0,0.0415,2025-05-04 06:00:00,BTC-27MAR26-65000-P
0.0,1746342000000,ok,0.0415,0.0415,0.0415,0.0,0.0415,2025-05-04 07:00:00,BTC-27MAR26-65000-P
0.0,1746345600000,ok,0.0415,0.0415,0.0415,0.0,0.0415,2025-05-04 08:00:00,BTC-27MAR26-65000-P
0.0,1746349200000,ok,0.0415,0.0415,0.0415,0.0,0.0415,2025-05-04 09:00:00,BTC-27MAR26-65000-P
0.0,1746352800000,ok,0.0415,0.0415,0.0415,0.0,0.0415,2025-05-04 10:00:00,BTC-27MAR26-65000-P
0.0,1746356400000,ok,0.0415,0.0415,0.0415,0.0,0.0415,2025-05-04 11:00:00,BTC-27MAR26-65000-P
0.0,1746360000000,ok,0.0415,0.0415,0.0415,0.0,0.0415,2025-05-04 12:00:00,BTC-27MAR26-65000-P
0.0,1746363600000,ok,0.0415,0.0415,0.0415,0.0,0.0415,2025-05-04 13:00:00,BTC-27MAR26-65000-P
0.0,1746367200000,ok,0.0415,0.0415,0.0415,0.0,0.0415,2025-05-04 14:00:00,BTC-27MAR26-65000-P
0.0,1746370800000,ok,0.0415,0.0415,0.0415,0.0,0.0415,2025-05-04 15:00:00,BTC-27MAR26-65000-P
0.0,1746374400000,ok,0.0415,0.0415,0.0415,0.0,0.0415,2025-05-04 16:00:00,BTC-27MAR26-65000-P
0.0,1746378000000,ok,0.0415,0.0415,0.0415,0.0,0.0415,2025-05-04 17:00:00,BTC-27MAR26-65000-P
0.0,1746381600000,ok,0.0415,0.0415,0.0415,0.0,0.0415,2025-05-04 18:00:00,BTC-27MAR26-65000-P
0.0,1746385200000,ok,0.0415,0.0415,0.0415,0.0,0.0415,2025-05-04 19:00:00,BTC-27MAR26-65000-P
0.0,1746388800000,ok,0.0415,0.0415,0.0415,0.0,0.0415,2025-05-04 20:00:00,BTC-27MAR26-65000-P
0.0,1746392400000,ok,0.0415,0.0415,0.0415,0.0,0.0415,2025-05-04 21:00:00,BTC-27MAR26-65000-P
0.0,1746396000000,ok,0.0415,0.0415,0.0415,0.0,0.0415,2025-05-04 22:00:00,BTC-27MAR26-65000-P
0.1,1746399600000,ok,0.0425,0.0425,0.0425,0.00425,0.0425,2025-05-04 23:00:00,BTC-27MAR26-65000-P
0.0,1746403200000,ok,0.0425,0.0425,0.0425,0.0,0.0425,2025-05-05 00:00:00,BTC-27MAR26-65000-P
0.0,1746406800000,ok,0.0425,0.0425,0.0425,0.0,0.0425,2025-05-05 01:00:00,BTC-27MAR26-65000-P
0.0,1746410400000,ok,0.0425,0.0425,0.0425,0.0,0.0425,2025-05-05 02:00:00,BTC-27MAR26-65000-P
0.0,1746414000000,ok,0.0425,0.0425,0.0425,0.0,0.0425,2025-05-05 03:00:00,BTC-27MAR26-65000-P
0.0,1746417600000,ok,0.0425,0.0425,0.0425,0.0,0.0425,2025-05-05 04:00:00,BTC-27MAR26-65000-P
